-- ============================================================
-- SubastaNet — Datos (generado automáticamente desde productos.js)
-- ============================================================

USE subastanet;
SET NAMES utf8mb4;

SET FOREIGN_KEY_CHECKS = 0;
TRUNCATE TABLE producto_atributos;
TRUNCATE TABLE imagenes_producto;
TRUNCATE TABLE pujas;
TRUNCATE TABLE fechas_editadas;
TRUNCATE TABLE vendedor_metodo_envio;
TRUNCATE TABLE productos;
TRUNCATE TABLE vendedores;
TRUNCATE TABLE metodos_envio;
TRUNCATE TABLE categorias;
TRUNCATE TABLE usuarios;
TRUNCATE TABLE configuracion;
SET FOREIGN_KEY_CHECKS = 1;

-- Categorías
INSERT INTO categorias (id, nombre, icono) VALUES
(1, 'Inmuebles', '🏠'),
(2, 'Vehículos', '🚗'),
(3, 'Electrónicos', '💻'),
(4, 'Arte Coleccionable', '🎨'),
(5, 'Ropa y Accesorios', '👗'),
(6, 'Artículos Deportivos', '⚽'),
(7, 'Libros', '📚'),
(8, 'Juguetes', '🧸');

-- Métodos de envío
INSERT INTO metodos_envio (id, nombre) VALUES
(1, 'Escrituración notarial'),
(2, 'Entrega en agencia'),
(3, 'Envío con transportista'),
(4, 'Envío asegurado'),
(5, 'Entrega local'),
(6, 'Entrega en custodia'),
(7, 'Envío especializado'),
(8, 'Entrega en domicilio'),
(9, 'Entrega en sucursal'),
(10, 'Entrega en custodia certificada'),
(11, 'Entrega en custodia certificada con escolta'),
(12, 'Paquetería express'),
(13, 'Flete especializado'),
(14, 'Entrega local CDMX'),
(15, 'Paquetería express asegurada'),
(16, 'Paquetería especial'),
(17, 'Entrega en persona CDMX'),
(18, 'Paquetería especial asegurada'),
(19, 'Paquetería especializada con seguro'),
(20, 'Transporte de obras certificado'),
(21, 'Transporte especializado'),
(22, 'Paquetería especializada'),
(23, 'Transporte certificado'),
(24, 'Paquetería certificada con seguro'),
(25, 'Paquetería con seguro'),
(26, 'Transporte de obras'),
(27, 'Paquetería certificada'),
(28, 'Mensajería certificada con seguro'),
(29, 'Mensajería certificada asegurada'),
(30, 'Mensajería certificada'),
(31, 'Paquetería certificada asegurada'),
(32, 'Instalación incluida GDL'),
(33, 'Transporte certificado asegurado');

-- Vendedores
INSERT INTO vendedores (id, nombre, historial_ventas, calificacion) VALUES
('V001', 'Inmobiliaria Del Valle', 14, 4.7),
('V002', 'Grupo Haciendas Yucatán', 9, 4.5),
('V003', 'Desarrollos Imperiales', 22, 4.9),
('V004', 'Inmobiliaria Norteña', 6, 4.2),
('V005', 'Santa Fe Propiedades', 11, 4.6),
('V006', 'Altea Desarrollos', 18, 4.8),
('V007', 'Parques Industriales SLP', 5, 4.3),
('V008', 'Comercial León SA', 7, 4.4),
('V009', 'Cotos Pacífico', 13, 4.6),
('V010', 'Costa Propiedades', 8, 4.7),
('V011', 'Rancho Real Estate', 4, 4.5),
('V012', 'Corporativo NL', 10, 4.6),
('V013', 'Polanco Desarrollos', 20, 4.9),
('V014', 'Patrimonio Oaxaqueño', 6, 4.4),
('V015', 'Caribbean Luxury Properties', 12, 4.8),
('V016', 'Inmobiliaria Los Pinos', 9, 4.3),
('V017', 'Urban Spaces CDMX', 15, 4.7),
('V018', 'Frente Mar Colima', 7, 4.5),
('V019', 'Inversiones Veracruz', 5, 4.2),
('V020', 'Bosque Real Desarrollos', 17, 4.8),
('V021', 'Industrial Toluca', 8, 4.4),
('V022', 'Lagos y Cuerpos de Agua MX', 6, 4.5),
('V023', 'Roma Real Estate', 11, 4.6),
('V024', 'Chiapas Patrimonio', 4, 4.3),
('V025', 'Santa Fe Premium', 19, 4.9),
('V026', 'AutoSport GDL', 32, 4.8),
('V027', 'Muscle Cars México', 27, 4.7),
('V028', 'American Motors MX', 18, 4.6),
('V029', 'JDM Sport Monterrey', 21, 4.5),
('V030', 'Toyota Premium QRO', 14, 4.9),
('V031', 'Euro Motors CDMX', 40, 4.9),
('V032', 'MB Guadalajara', 35, 4.8),
('V033', 'Audi Center NL', 29, 4.7),
('V034', '4x4 Chihuahua', 12, 4.6),
('V035', 'Porsche Connoisseur MX', 8, 5),
('V036', 'EV Motors México', 22, 4.8),
('V037', 'British Cars GTO', 10, 4.7),
('V038', 'Honda Puebla Premium', 45, 4.9),
('V039', 'VW Sport GDL', 33, 4.7),
('V040', 'Big Trucks Juárez', 15, 4.6),
('V041', 'Mazda SLP', 19, 4.5),
('V042', 'Subaru Performance CDMX', 16, 4.6),
('V043', 'Lexus Connoisseur MX', 7, 4.9),
('V044', 'Italian Prestige MX', 9, 4.7),
('V045', 'Prancing Horse MX', 4, 5),
('V046', 'Ford Raptor Sonora', 11, 4.7),
('V047', 'Bentley Collectors MX', 5, 4.9),
('V048', 'Sant''Agata MX', 3, 5),
('V049', 'Toyota GDL Flagship', 23, 4.8),
('V050', 'Spirit of Ecstasy MX', 2, 5),
('V051', 'Apple Resellers MX', 85, 4.9),
('V052', 'GameZone GDL', 62, 4.8),
('V053', 'Tech Premium NL', 44, 4.7),
('V054', 'iRestore CDMX', 130, 4.8),
('V055', 'SkyView Tech MX', 29, 4.7),
('V056', 'LaptopPro GDL', 55, 4.6),
('V057', 'Foto Pro CDMX', 38, 4.9),
('V058', 'iWorld NL', 70, 4.8),
('V059', 'Overclock MX', 43, 4.9),
('V060', 'FoldWorld GDL', 28, 4.7),
('V061', 'Microsoft Store MX', 60, 4.8),
('V062', 'Audio Elite MX', 47, 4.8),
('V063', 'Canon Pro MX', 25, 4.9),
('V064', 'Watch Lab NL', 88, 4.8),
('V065', 'Display Pro GDL', 50, 4.7),
('V066', 'GameSwap CDMX', 110, 4.7),
('V067', 'Business Tech NL', 66, 4.8),
('V068', 'AudioPremium CDMX', 92, 4.9),
('V069', 'VR World MX', 34, 4.6),
('V070', 'Creative Tools MX', 22, 4.8),
('V071', 'Action Cam GDL', 58, 4.7),
('V072', 'Alienware MX', 31, 4.8),
('V073', 'BookTech NL', 75, 4.7),
('V074', 'Dyson Official MX', 110, 4.9),
('V075', 'SecureTech GDL', 67, 4.8),
('V076', 'Galería Arte MX', 45, 4.8),
('V077', 'Arte Prehispánico MX', 18, 4.9),
('V078', 'Esculturas Jalisco', 22, 4.7),
('V079', 'Foto Arte Sonora', 30, 4.8),
('V080', 'Arte Colonial MX', 12, 4.7),
('V081', 'Talavera Auténtica PUE', 55, 4.9),
('V082', 'Acuarelas Oaxaqueñas', 38, 4.8),
('V083', 'Arte Indígena MX', 20, 4.9),
('V084', 'Grabado Mexicano CDMX', 15, 4.7),
('V085', 'Textiles Oaxaqueños', 42, 4.9),
('V086', 'Digital Art MX', 18, 4.6),
('V087', 'Arte Chiapaneco', 28, 4.8),
('V088', 'Numismática Nacional', 10, 4.8),
('V089', 'Taller Oaxaqueño', 33, 4.8),
('V090', 'Obsidiana Arte MX', 25, 4.9),
('V091', 'Muralismo Contemporáneo', 19, 4.7),
('V092', 'Arte Guerrerense', 44, 4.8),
('V093', 'Filatelia Nacional', 8, 4.8),
('V094', 'Réplicas INAH', 60, 4.9),
('V095', 'Cine y Arte MX', 14, 4.7),
('V096', 'Arte Contemporáneo MX', 9, 4.7),
('V097', 'Barro Negro Oax', 50, 4.9),
('V098', 'Grabado Siglo XX', 11, 4.8),
('V099', 'Textiles Chiapanecos', 36, 4.9),
('V100', 'Arte Contemporáneo GDL', 27, 4.7),
('V101', 'Luxury Watches MX', 25, 4.9),
('V102', 'Luxury Bags MX', 12, 5),
('V103', 'Sneaker Culture GDL', 88, 4.9),
('V104', 'Vaquero Shop NL', 120, 4.8),
('V105', 'Moda Premium CDMX', 42, 4.8),
('V106', 'Luxury Accessories MX', 55, 4.8),
('V107', 'Piel León Artesanal', 98, 4.9),
('V108', 'Óptica Premium MX', 130, 4.8),
('V109', 'Alta Costura MX', 18, 4.8),
('V110', 'YeezySeason MX', 62, 4.8),
('V111', 'Exotic Leather MX', 20, 4.7),
('V112', 'Joyería Fina MX', 35, 4.9),
('V113', 'LV Collectors MX', 8, 4.9),
('V114', 'Artesanías Tzotziles', 55, 4.9),
('V115', 'Watches Premium GDL', 20, 4.8),
('V116', 'Moda CDMX', 75, 4.7),
('V117', 'Joyería Pandora NL', 140, 4.8),
('V118', 'Vintage Denim CDMX', 88, 4.7),
('V119', 'Couture Mexico', 6, 5),
('V120', 'Filigrana Oaxaqueña', 45, 4.9),
('V121', 'SneakerHead CDMX', 75, 4.8),
('V122', 'Cashmere Boutique MX', 22, 4.9),
('V123', 'Sombrería Fina MX', 18, 4.8),
('V124', 'Diamantes GIA MX', 14, 5),
('V125', 'Mantas Saltillo', 62, 4.9),
('V126', 'CyclingPro CDMX', 30, 4.8),
('V127', 'Surf Shop Oaxaca', 22, 4.7),
('V128', 'Golf Pro MX', 18, 4.8),
('V129', 'AquaAdventure QR', 12, 4.6),
('V130', 'Vertical MX', 25, 4.8),
('V131', 'FitHome GDL', 35, 4.7),
('V132', 'Tennis Pro MX', 42, 4.8),
('V133', 'Ice Sports MX', 15, 4.6),
('V134', 'Home Gym NL', 50, 4.8),
('V135', 'MTB Pro CDMX', 28, 4.8),
('V136', 'Snow Sports MX', 14, 4.7),
('V137', 'Box GDL', 65, 4.7),
('V138', 'CycloSport MX', 48, 4.8),
('V139', 'Tiro con Arco MX', 10, 4.7),
('V140', 'Triathlon MX', 22, 4.7),
('V141', 'Futbol Shop MX', 200, 4.9),
('V142', 'Water Sports GDL', 18, 4.6),
('V143', 'Padel MX', 38, 4.7),
('V144', 'Garmin Sports MX', 60, 4.8),
('V145', 'Moto Cross GDL', 28, 4.7),
('V146', 'Escalada MX', 22, 4.8),
('V147', 'Parapente MX', 7, 4.7),
('V148', 'BMX Street MX', 32, 4.8),
('V149', 'SUP Vallarta', 20, 4.7),
('V150', 'Box Equipment MX', 55, 4.8),
('V151', 'Librería Anticuaria MX', 20, 4.9),
('V152', 'Libros Premium MX', 88, 4.8),
('V153', 'UNAM Libros', 40, 4.9),
('V154', 'Colecciones GDL', 15, 4.7),
('V155', 'Taschen MX', 10, 4.9),
('V156', 'Arte Books MX', 55, 4.8),
('V157', 'Librería Anticuaria MX', 20, 4.9),
('V158', 'Phaidon MX', 70, 4.8),
('V159', 'FCE Colecciones', 35, 4.8),
('V160', 'PopUp Books MX', 42, 4.7),
('V161', 'UNAM Libros', 40, 4.9),
('V162', 'Manga Collector MX', 60, 4.8),
('V163', 'Libros Artísticos MX', 18, 4.8),
('V164', 'Porrúa Anticuaria', 30, 4.8),
('V165', 'Libros Firmados MX', 12, 4.9),
('V166', 'Libros Infantiles MX', 45, 4.7),
('V167', 'Colecciones Históricas MX', 22, 4.7),
('V168', 'Libros Científicos MX', 30, 4.8),
('V169', 'Arte Libro Oaxaca', 15, 4.8),
('V170', 'Libros Gastronómicos MX', 28, 4.7),
('V171', 'Comic Shop MX', 80, 4.8),
('V172', 'Librería Anticuaria MX', 20, 4.9),
('V173', 'Colecciones Revistas MX', 18, 4.7),
('V174', 'Libros Médicos MX', 100, 4.8),
('V175', 'Porrúa Colecciones', 25, 4.8),
('V176', 'LEGO Collector MX', 95, 4.9),
('V177', 'Diecast Collectors MX', 68, 4.8),
('V178', 'Figures Collector MX', 75, 4.8),
('V179', 'Barbie Collector MX', 55, 4.8),
('V180', 'LEGO Rare MX', 22, 4.9),
('V181', 'Funko World MX', 110, 4.8),
('V182', 'Tren Colección GDL', 12, 4.7),
('V183', 'Anime Figures MX', 85, 4.9),
('V184', 'DieCast MX', 60, 4.7),
('V185', 'Playmobil Collectors', 38, 4.7),
('V186', 'Vintage Toys MX', 28, 4.7),
('V187', 'Anime Collector MX', 70, 4.8),
('V188', 'Juegos de Mesa MX', 88, 4.8),
('V189', 'LEGO Rare MX', 22, 4.9),
('V190', 'Robótica MX', 30, 4.8),
('V191', 'Dragon Ball Collector', 92, 4.9),
('V192', 'RC Cars GDL', 35, 4.7),
('V193', 'Artesanías Lúdicas', 20, 4.8),
('V194', 'Vintage Toys MX', 28, 4.7),
('V195', 'Juguetes Bebés MX', 65, 4.8),
('V196', 'Juegos Exterior MX', 48, 4.7),
('V197', 'Pokémon Rare MX', 15, 4.9),
('V198', 'STEM Toys MX', 40, 4.8),
('V199', 'AAA Merch Oficial', 75, 4.8),
('V200', 'Antigüedades MX', 18, 4.7);

-- Vendedor ↔ Método de envío
INSERT INTO vendedor_metodo_envio (vendedor_id, metodo_id) VALUES
('V001', 1),
('V002', 1),
('V003', 1),
('V004', 1),
('V005', 1),
('V006', 1),
('V007', 1),
('V008', 1),
('V009', 1),
('V010', 1),
('V011', 1),
('V012', 1),
('V013', 1),
('V014', 1),
('V015', 1),
('V016', 1),
('V017', 1),
('V018', 1),
('V019', 1),
('V020', 1),
('V021', 1),
('V022', 1),
('V023', 1),
('V024', 1),
('V025', 1),
('V026', 2),
('V026', 3),
('V027', 2),
('V027', 3),
('V028', 2),
('V028', 3),
('V029', 2),
('V029', 3),
('V030', 2),
('V030', 3),
('V031', 2),
('V031', 4),
('V032', 2),
('V033', 2),
('V033', 3),
('V034', 5),
('V034', 4),
('V035', 6),
('V035', 7),
('V036', 8),
('V036', 9),
('V037', 5),
('V037', 4),
('V038', 2),
('V039', 2),
('V039', 3),
('V040', 5),
('V040', 3),
('V041', 2),
('V041', 3),
('V042', 2),
('V042', 3),
('V043', 6),
('V043', 7),
('V044', 5),
('V044', 4),
('V045', 10),
('V046', 5),
('V046', 3),
('V047', 10),
('V048', 10),
('V049', 2),
('V049', 4),
('V050', 11),
('V051', 12),
('V051', 5),
('V052', 12),
('V052', 5),
('V053', 13),
('V054', 12),
('V054', 14),
('V055', 12),
('V056', 12),
('V056', 5),
('V057', 15),
('V058', 12),
('V058', 5),
('V059', 16),
('V059', 17),
('V060', 12),
('V061', 13),
('V061', 9),
('V062', 12),
('V063', 15),
('V064', 12),
('V065', 13),
('V066', 12),
('V066', 5),
('V067', 12),
('V068', 12),
('V069', 12),
('V070', 13),
('V070', 17),
('V071', 12),
('V072', 18),
('V073', 12),
('V074', 12),
('V075', 12),
('V076', 19),
('V077', 20),
('V078', 21),
('V079', 22),
('V080', 20),
('V081', 19),
('V082', 22),
('V083', 22),
('V084', 23),
('V085', 12),
('V086', 22),
('V087', 12),
('V088', 24),
('V089', 22),
('V090', 25),
('V091', 26),
('V092', 12),
('V093', 27),
('V094', 25),
('V095', 22),
('V096', 21),
('V097', 22),
('V098', 27),
('V099', 12),
('V100', 22),
('V101', 28),
('V102', 29),
('V103', 12),
('V104', 12),
('V105', 12),
('V106', 12),
('V107', 12),
('V108', 12),
('V109', 22),
('V110', 12),
('V111', 12),
('V112', 29),
('V113', 30),
('V114', 12),
('V115', 29),
('V116', 12),
('V117', 12),
('V118', 12),
('V119', 22),
('V120', 31),
('V121', 12),
('V122', 22),
('V123', 22),
('V124', 29),
('V125', 12),
('V126', 13),
('V126', 14),
('V127', 13),
('V128', 12),
('V128', 5),
('V129', 13),
('V130', 12),
('V131', 13),
('V131', 32),
('V132', 12),
('V133', 12),
('V134', 16),
('V135', 13),
('V135', 14),
('V136', 12),
('V137', 12),
('V138', 12),
('V139', 22),
('V140', 12),
('V141', 12),
('V142', 12),
('V143', 12),
('V144', 12),
('V145', 12),
('V146', 12),
('V147', 22),
('V148', 22),
('V149', 12),
('V150', 13),
('V150', 14),
('V151', 31),
('V152', 12),
('V153', 27),
('V154', 13),
('V155', 27),
('V156', 12),
('V157', 31),
('V158', 12),
('V159', 12),
('V160', 12),
('V161', 12),
('V162', 12),
('V163', 27),
('V164', 12),
('V165', 31),
('V166', 12),
('V167', 12),
('V168', 12),
('V169', 27),
('V170', 12),
('V171', 12),
('V172', 33),
('V173', 13),
('V174', 12),
('V175', 13),
('V176', 12),
('V177', 12),
('V178', 12),
('V179', 12),
('V180', 27),
('V181', 12),
('V182', 22),
('V183', 12),
('V184', 12),
('V185', 12),
('V186', 12),
('V187', 12),
('V188', 12),
('V189', 12),
('V190', 12),
('V191', 12),
('V192', 12),
('V193', 12),
('V194', 27),
('V195', 12),
('V196', 12),
('V197', 29),
('V198', 12),
('V199', 12),
('V200', 27);

-- Productos
INSERT INTO productos (id, titulo, descripcion, categoria_id, condicion, imagen, ubicacion, precio_inicial, incremento_minimo, fecha_inicio, fecha_fin, cantidad_disponible, tipo_subasta, estado, baneado, vendedor_id) VALUES
(1, 'Casa Residencial Lomas del Sol', 'Casa de 2 niveles con 3 recámaras, 2 baños completos y cochera para 2 autos. Presenta desgaste ligero en pintura exterior y humedad pequeña en patio trasero.', 1, 'Usada', 'Img/imagenesIMMUEBLES/Imbueble1.jpeg', 'Lomas del Valle, Guadalajara, Jalisco, México', 1200000, 10000, '2026-06-10', '2026-07-10', 1, 'Inglesa', 'aprobado', 0, 'V001'),
(2, 'Casa Hacienda San Miguel', 'Vivienda amplia con 4 habitaciones, cocina integral y terraza. Tiene una ventana trasera dañada y necesita mantenimiento en instalación eléctrica de una habitación.', 1, 'Usada', 'Img/imagenesIMMUEBLES/Imbueble2.jpeg', 'Mérida, Yucatán, México', 1450000, 15000, '2026-06-12', '2026-07-12', 1, 'Inglesa', 'aprobado', 0, 'V002'),
(3, 'Residencia Valle Imperial', 'Casa moderna con acabados de lujo, jardín y cuarto de servicio. Presenta filtración leve en techo del segundo piso y desgaste en piso laminado.', 1, 'Nuevo', 'Img/imagenesIMMUEBLES/Imbueble3.jpeg', 'Zapopan, Jalisco, México', 1780000, 20000, '2026-06-15', '2026-07-15', 1, 'Sellada', 'aprobado', 0, 'V003'),
(4, 'Casa Bosques del Norte', 'Casa de 3 recámaras y patio amplio. Requiere reparación en portón eléctrico y pintura interior por desgaste.', 1, 'Usada', 'Img/imagenesIMMUEBLES/Imbueble4.jpeg', 'Monterrey, Nuevo León, México', 980000, 10000, '2026-06-10', '2026-07-10', 1, 'Holandesa', 'pendiente', 0, 'V004'),
(5, 'Casa Jardines de Santa Fe', 'Vivienda familiar con cocina remodelada y estacionamiento techado. Tiene una pequeña grieta estética en muro lateral y detalles en tubería del baño principal.', 1, 'Nuevo', 'Img/imagenesIMMUEBLES/Imbueble5.jpeg', 'Querétaro, Querétaro, México', 1350000, 12000, '2026-06-11', '2026-07-11', 1, 'Inglesa', 'pendiente', 0, 'V005'),
(6, 'Departamento Torre Altea', 'Departamento en piso 8 con vista panorámica, 2 recámaras y amenidades de lujo incluyendo gimnasio y alberca. Ligero desgaste en alfombra del cuarto principal.', 1, 'Usada', 'Img/imagenesIMMUEBLES/Imbueble6.jpeg', 'Ciudad de México, CDMX, México', 2100000, 25000, '2026-06-13', '2026-07-13', 1, 'Sellada', 'pendiente', 0, 'V006'),
(7, 'Terreno Industrial Parque Logístico', 'Terreno plano con acceso a vía rápida y servicios básicos instalados. Ideal para bodega o planta manufacturera. Sin construcción.', 1, 'Nuevo', 'Img/imagenesIMMUEBLES/Imbueble7.jpeg', 'San Luis Potosí, San Luis Potosí, México', 3500000, 50000, '2026-06-20', '2026-07-20', 1, 'Sellada', 'pendiente', 0, 'V007'),
(8, 'Local Comercial Plaza Central', 'Local en planta baja de plaza con alta afluencia. 80m² con bodega y baño. Requiere renovación de pintura y cambio de lámparas.', 1, 'Usada', 'Img/imagenesIMMUEBLES/Imbueble8.jpeg', 'León, Guanajuato, México', 850000, 10000, '2026-06-14', '2026-07-14', 1, 'Inglesa', 'pendiente', 0, 'V008'),
(9, 'Casa Coto Las Palmas', 'Casa en privada con vigilancia 24h, 3 recámaras en suite, sala de TV y jardín. Pequeño desperfecto en reja del jardín trasero.', 1, 'Usada', 'Img/imagenesIMMUEBLES/Imbueble9.jpeg', 'Culiacán, Sinaloa, México', 1600000, 15000, '2026-06-16', '2026-07-16', 1, 'Inglesa', 'pendiente', 0, 'V009'),
(10, 'Penthouse Vista Mar Acapulco', 'Penthouse de lujo frente al mar, 3 recámaras, 3 baños, terraza privada con jacuzzi. Jacuzzi requiere mantenimiento de bomba.', 1, 'Usada', 'Img/imagenesIMMUEBLES/Imbueble10.jpeg', 'Acapulco, Guerrero, México', 4200000, 50000, '2026-06-18', '2026-07-18', 1, 'Sellada', 'pendiente', 0, 'V010'),
(11, 'Casa Campestre El Refugio', 'Propiedad de campo con alberca, caballerizas y 1 hectáreas de terreno arbolado. Caballerizas requieren pintura y reparación menor en techos.', 1, 'Usada', 'Img/imagenesIMMUEBLES/Imbueble11.jpeg', 'Tequisquiapan, Querétaro, México', 5800000, 80000, '2026-06-20', '2026-07-20', 1, 'Sellada', 'pendiente', 0, 'V011'),
(12, 'Oficinas Corporativas Torre Norte', 'Piso completo de oficinas corporativas con 12 cubículos, sala de juntas y recepción. Requiere actualización de cableado estructurado.', 1, 'Usada', 'Img/imagenesIMMUEBLES/Imbueble12.jpeg', 'Monterrey, Nuevo León, México', 3200000, 40000, '2026-06-22', '2026-07-22', 1, 'Inglesa', 'pendiente', 0, 'V012'),
(13, 'Departamento Nuevo Polanco', 'Departamento nuevo en zona exclusiva, 2 recámaras, 2 baños, balcón y un cajón de estacionamiento. Sin detalles, entrega inmediata.', 1, 'Nuevo', 'Img/imagenesIMMUEBLES/Imbueble13.jpeg', 'Miguel Hidalgo, CDMX, México', 3900000, 50000, '2026-06-25', '2026-07-25', 1, 'Sellada', 'pendiente', 0, 'V013'),
(14, 'Casa Colonial Centro Histórico', 'Casa colonial restaurada en el centro histórico, patio interior con fuente, 4 habitaciones y techos originales de vigas. Humedad en bodega subterránea.', 1, 'Usada', 'Img/imagenesIMMUEBLES/Imbueble14.jpeg', 'Oaxaca de Juárez, Oaxaca, México', 2700000, 30000, '2026-06-15', '2026-07-15', 1, 'Inglesa', 'pendiente', 0, 'V014'),
(15, 'Villa Privada Playa del Carmen', 'Villa exclusiva a 3 cuadras del mar con alberca infinita, 4 suites y área de eventos. Sistema de riego del jardín requiere revisión.', 1, 'Usada', 'Img/imagenesIMMUEBLES/Imbueble15.jpeg', 'Playa del Carmen, Quintana Roo, México', 8500000, 100000, '2026-07-01', '2026-07-31', 1, 'Sellada', 'pendiente', 0, 'V015'),
(16, 'Casa Fraccionamiento Los Pinos', 'Casa en fraccionamiento cerrado con vigilancia, 3 recámaras, jardín y cisterna. Requiere cambio de bomba hidráulica.', 1, 'Usada', 'Img/imagenesIMMUEBLES/Imbueble16.jpeg', 'Morelia, Michoacán, México', 1100000, 10000, '2026-06-10', '2026-07-10', 1, 'Holandesa', 'pendiente', 0, 'V016'),
(17, 'Loft Industrial Zona Rosa', 'Loft de diseño industrial en zona de alto tráfico peatonal, ideal para galería o despacho. Presenta desgaste menor en pisos de concreto pulido.', 1, 'Nuevo', 'Img/imagenesIMMUEBLES/Imbueble17.jpeg', 'Cuauhtémoc, CDMX, México', 2300000, 30000, '2026-06-17', '2026-07-17', 1, 'Inglesa', 'pendiente', 0, 'V017'),
(18, 'Casa Playa Manzanillo', 'Casa frente al mar con acceso directo a playa privada, 3 recámaras y terraza. Corrosión leve en herrería por ambiente marino.', 1, 'Usada', 'Img/imagenesIMMUEBLES/Imbueble18.jpeg', 'Manzanillo, Colima, México', 4600000, 60000, '2026-06-20', '2026-07-20', 1, 'Sellada', 'pendiente', 0, 'V018'),
(19, 'Edificio de Apartamentos Veracruz', 'Edificio de 6 departamentos en zona céntrica, todos rentados. Fachada requiere repintado y elevador en mantenimiento.', 1, 'Usada', 'Img/imagenesIMMUEBLES/Imbueble19.jpeg', 'Veracruz, Veracruz, México', 5200000, 70000, '2026-06-28', '2026-07-28', 1, 'Sellada', 'pendiente', 0, 'V019'),
(20, 'Casa Minimalista Bosque Real', 'Casa minimalista de diseño contemporáneo, 3 recámaras, 3 baños, estudio y sotano. Entregada en excelentes condiciones.', 1, 'Nuevo', 'Img/imagenesIMMUEBLES/Imbueble20.jpeg', 'Huixquilucan, Estado de México, México', 6400000, 80000, '2026-07-05', '2026-08-05', 1, 'Sellada', 'pendiente', 0, 'V020'),
(21, 'Bodega Zona Industrial Toluca', 'Bodega de 800m² con andén de carga, oficinas y baños. Puerta metálica principal requiere ajuste en rieles.', 1, 'Usada', 'Img/imagenesIMMUEBLES/Imbueble21.jpeg', 'Toluca, Estado de México, México', 2800000, 35000, '2026-06-14', '2026-07-14', 1, 'Inglesa', 'pendiente', 0, 'V021'),
(22, 'Casa Lago Tequesquitengo', 'Casa frente al lago con muelle privado, 4 recámaras, alberca y palapa. Requiere mantenimiento en embarcadero de madera.', 1, 'Usada', 'Img/imagenesIMMUEBLES/Imbueble22.jpeg', 'Tequesquitengo, Morelos, México', 3700000, 50000, '2026-06-22', '2026-07-22', 1, 'Inglesa', 'pendiente', 0, 'V022'),
(23, 'Estudio Artístico Roma Norte', 'Estudio amplio con luz natural, techos altos y baño completo. Ideal para artistas o home office. Pintura de paredes desgastada.', 1, 'Usada', 'Img/imagenesIMMUEBLES/Imbueble23.jpeg', 'Cuauhtémoc, CDMX, México', 1800000, 20000, '2026-06-16', '2026-07-16', 1, 'Holandesa', 'pendiente', 0, 'V023'),
(24, 'Casa Amurallada San Cristóbal', 'Propiedad colonial con muros de adobe, patio central, huerto y 5 habitaciones. Techo de palapa en cocina requiere sustitución.', 1, 'Usada', 'Img/imagenesIMMUEBLES/Imbueble24.jpeg', 'San Cristóbal de las Casas, Chiapas, México', 2200000, 25000, '2026-06-19', '2026-07-19', 1, 'Inglesa', 'pendiente', 0, 'V024'),
(25, 'Duplex Moderno Santa Fe CDMX', 'Duplex de diseño moderno, 3 recámaras, 3.5 baños, terraza privada con parrilla y cuarto de servicio. Entrega en excelentes condiciones.', 1, 'Nuevo', 'Img/imagenesIMMUEBLES/Imbueble25.jpeg', 'Álvaro Obregón, CDMX, México', 7200000, 100000, '2026-07-10', '2026-08-10', 1, 'Sellada', 'pendiente', 0, 'V025'),
(26, 'Ford Mustang EcoBoost Coupe 2.3L 2020', 'Motor turbo, interiores en piel y modo sport. Presenta rayones leves en defensa delantera y desgaste en llantas traseras.', 2, 'Usado', 'Img/imagenesVEHICULOS/Vehiculo1.jpg', 'Guadalajara, Jalisco, México', 720000, 5000, '2026-06-10', '2026-06-24', 1, 'Inglesa', 'aprobado', 0, 'V026'),
(27, 'Chevrolet Camaro SS 2019', 'V8 automático con sonido deportivo y rines deportivos. Tiene golpe ligero reparado en salpicadera izquierda y pequeño desgaste en asientos.', 2, 'Usado', 'Img/imagenesVEHICULOS/Vehiculo2.jpg', 'Ciudad de México, CDMX, México', 810000, 5000, '2026-06-11', '2026-06-25', 1, 'Inglesa', 'aprobado', 0, 'V027'),
(28, 'Dodge Challenger R/T 2021', 'Motor HEMI, interiores deportivos y pantalla táctil premium. Presenta detalles de pintura por exposición al sol y sensor de reversa intermitente.', 2, 'Usado', 'Img/imagenesVEHICULOS/Vehiculo3.jpg', 'Ciudad de México, CDMX, México', 890000, 5000, '2026-06-12', '2026-06-26', 1, 'Inglesa', 'aprobado', 0, 'V028'),
(29, 'Nissan 370Z Touring 2018', 'Coupe deportivo con transmisión manual y escape deportivo. Tiene raspón lateral derecho y suspensión ligeramente rígida por uso.', 2, 'Usado', 'Img/imagenesVEHICULOS/Vehiculo4.jpg', 'Monterrey, Nuevo León, México', 540000, 3000, '2026-06-10', '2026-06-24', 1, 'Holandesa', 'pendiente', 0, 'V029'),
(30, 'Toyota GR Supra 2022', 'Deportivo turbo de alto rendimiento, interiores premium y modos de manejo deportivos. Cuenta con pequeño daño en fascia frontal y rin delantero rayado.', 2, 'Usado', 'Img/imagenesVEHICULOS/Vehiculo5.jpg', 'Querétaro, Querétaro, México', 1180000, 10000, '2026-06-13', '2026-06-27', 1, 'Sellada', 'pendiente', 0, 'V030'),
(31, 'BMW Serie 3 330i 2021', 'Sedán premium con tecnología ConnectedDrive, techo solar y asientos calefaccionados. Rayón menor en puerta trasera derecha.', 2, 'Usado', 'Img/imagenesVEHICULOS/Vehiculo6.jpg', 'Ciudad de México, CDMX, México', 920000, 8000, '2026-06-14', '2026-06-28', 1, 'Inglesa', 'pendiente', 0, 'V031'),
(32, 'Mercedes-Benz GLA 200 2020', 'SUV compacta de lujo con pantalla MBUX, cámara 360° y asistente de carril. Leve desgaste en tapicería del asiento del conductor.', 2, 'Usado', 'Img/imagenesVEHICULOS/Vehiculo7.jpg', 'Guadalajara, Jalisco, México', 780000, 6000, '2026-06-15', '2026-06-29', 1, 'Inglesa', 'pendiente', 0, 'V032'),
(33, 'Audi A4 2.0T 2019', 'Sedán ejecutivo con Virtual Cockpit, asientos de cuero y Quattro AWD. Pequeña abolladura en defensa trasera.', 2, 'Usado', 'Img/imagenesVEHICULOS/Vehiculo8.jpg', 'Monterrey, Nuevo León, México', 650000, 5000, '2026-06-10', '2026-06-24', 1, 'Holandesa', 'pendiente', 0, 'V033'),
(34, 'Jeep Wrangler Rubicon 4XE 2022', 'Híbrido enchufable con capacidades off-road extremas, techo removible y diferencial Tru-Lok. Sin detalles, entregado en excelente estado.', 2, 'Usado', 'Img/imagenesVEHICULOS/Vehiculo9.jpg', 'Chihuahua, Chihuahua, México', 1350000, 12000, '2026-06-16', '2026-06-30', 1, 'Inglesa', 'pendiente', 0, 'V034'),
(35, 'Porsche 911 Carrera S Coupe 2018', 'Icónico deportivo con motor bóxer turbo 3.0L, PDK y Sport Chrono. Revisión completa realizada. Llantas con 40% de vida útil.', 2, 'Usado', 'Img/imagenesVEHICULOS/Vehiculo10.jpg', 'Ciudad de México, CDMX, México', 2400000, 20000, '2026-06-18', '2026-07-02', 1, 'Sellada', 'pendiente', 0, 'V035'),
(36, 'Tesla Model 3 Performance 2021', 'Eléctrico de alto rendimiento con Autopilot, 0-100 en 3.3s y 567 km de autonomía. Pequeño rayón en techo de vidrio.', 2, 'Usado', 'Img/imagenesVEHICULOS/Vehiculo11.jpg', 'Ciudad de México, CDMX, México', 1050000, 10000, '2026-06-11', '2026-06-25', 1, 'Inglesa', 'pendiente', 0, 'V036'),
(37, 'Land Rover Defender 110 V8 2022', 'SUV premium con capacidad off-road, meridian sound y techo panorámico. Arañazos en pasos de rueda por uso en terracería.', 2, 'Usado', 'Img/imagenesVEHICULOS/Vehiculo12.jpg', 'San Miguel de Allende, Guanajuato, México', 1680000, 15000, '2026-06-17', '2026-07-01', 1, 'Inglesa', 'pendiente', 0, 'V037'),
(38, 'Honda Civic Type R 2023', 'Hot hatch de alto rendimiento con modo turbo, frenos Brembo y diferencial de deslizamiento limitado. Entregado sin detalles.', 2, 'Nuevo', 'Img/imagenesVEHICULOS/Vehiculo13.jpg', 'Puebla, Puebla, México', 870000, 8000, '2026-06-20', '2026-07-04', 1, 'Inglesa', 'pendiente', 0, 'V038'),
(39, 'Volkswagen Golf GTI 2022', 'Icónico hot hatch con DCC, volante multifunción y sonido Harman Kardon. Arañón pequeño en espejo retrovisor izquierdo.', 2, 'Usado', 'Img/imagenesVEHICULOS/Vehiculo14.jpg', 'Guadalajara, Jalisco, México', 620000, 5000, '2026-06-12', '2026-06-26', 1, 'Holandesa', 'pendiente', 0, 'V039'),
(40, 'Ram 1500 TRX 2021', 'Pick-up de alto desempeño con motor V8 superchargado 6.2L, suspensión Bilstein y modo off-road. Leve desgaste en estribo derecho.', 2, 'Usado', 'Img/imagenesVEHICULOS/Vehiculo15.jpg', 'Ciudad Juárez, Chihuahua, México', 1900000, 20000, '2026-06-15', '2026-06-29', 1, 'Inglesa', 'pendiente', 0, 'V040'),
(41, 'Mazda MX-5 Miata RF 2020', 'Roadster con techo retráctil, motor 2.0L SkyActiv y suspensión sport. Pequeño rayón en paragolpes trasero.', 2, 'Usado', 'Img/imagenesVEHICULOS/Vehiculo16.jpg', 'San Luis Potosí, San Luis Potosí, México', 480000, 4000, '2026-06-10', '2026-06-24', 1, 'Inglesa', 'pendiente', 0, 'V041'),
(42, 'Subaru WRX STI 2019', 'Sedán rally homologado con Symmetrical AWD, frenos Brembo y diferencial central. Desgaste en pedales y volante por uso intenso.', 2, 'Usado', 'Img/imagenesVEHICULOS/Vehiculo17.jpg', 'Ciudad de México, CDMX, México', 690000, 5000, '2026-06-13', '2026-06-27', 1, 'Holandesa', 'pendiente', 0, 'V042'),
(43, 'Lexus LC 500 2020', 'Gran turismo con motor V8 5.0L atmosférico, suspensión adaptativa y pantalla 10.3. Pequeño desgaste en jaladera de puerta trasera.', 2, 'Usado', 'Img/imagenesVEHICULOS/Vehiculo18.jpg', 'Ciudad de México, CDMX, México', 1750000, 15000, '2026-06-19', '2026-07-03', 1, 'Sellada', 'pendiente', 0, 'V043'),
(44, 'Alfa Romeo Giulia Quadrifoglio 2019', 'Sedán de alto rendimiento con motor Ferrari-derived 2.9L biturbo, diferencial electrónico y frenos carbocerámica. Requiere servicio de correas.', 2, 'Usado', 'Img/imagenesVEHICULOS/Vehiculo19.jpg', 'Ciudad de México, CDMX, México', 1100000, 10000, '2026-06-14', '2026-06-28', 1, 'Inglesa', 'pendiente', 0, 'V044'),
(45, 'Ferrari 488 GTB 2017', 'Superdeportivo V8 biturbo 3.9L con 660 cv, manettino y escape activo. Revisión de 5 años realizada en Ferrari. Llantas Pirelli P-Zero con 70% de vida.', 2, 'Usado', 'Img/imagenesVEHICULOS/Vehiculo20.jpg', 'Ciudad de México, CDMX, México', 5800000, 50000, '2026-06-25', '2026-07-09', 1, 'Sellada', 'pendiente', 0, 'V045'),
(46, 'Ford F-150 Raptor R 2023', 'Pick-up extrema con motor V8 superchargado 5.2L, suspensión Fox Live Valve y modo Baja. Entrega sin detalles, segunda mano.', 2, 'Usado', 'Img/imagenesVEHICULOS/Vehiculo21.jpg', 'Hermosillo, Sonora, México', 2100000, 20000, '2026-06-20', '2026-07-04', 1, 'Inglesa', 'pendiente', 0, 'V046'),
(47, 'Bentley Bentayga V8 2020', 'SUV de lujo con motor V8 biturbo, Naim audio, refrigerador trasero y configuración executive. Leve desgaste en alfombra trasera.', 2, 'Usado', 'Img/imagenesVEHICULOS/Vehiculo22.jpg', 'Ciudad de México, CDMX, México', 4500000, 50000, '2026-06-22', '2026-07-06', 1, 'Sellada', 'pendiente', 0, 'V047'),
(48, 'Lamborghini Huracán EVO Convertible 2021', 'Superdeportivo V10 5.2L NA 640cv con LDVI, cámara dinámica y escape titanio opcional. Revisión anual realizada.', 2, 'Usado', 'Img/imagenesVEHICULOS/Vehiculo23.jpg', 'Ciudad de México, CDMX, México', 8200000, 100000, '2026-07-01', '2026-07-15', 1, 'Sellada', 'pendiente', 0, 'V048'),
(49, 'Toyota Land Cruiser 300 GR Sport 2022', 'SUV 4x4 flagship con motor V6 biturbo, e-KDSS electrónico y Kinetic Dynamic Suspension. Rayones mínimos en carrocería inferior por uso en campo.', 2, 'Usado', 'Img/imagenesVEHICULOS/Vehiculo24.jpg', 'Guadalajara, Jalisco, México', 1850000, 18000, '2026-06-16', '2026-06-30', 1, 'Inglesa', 'pendiente', 0, 'V049'),
(50, 'Rolls-Royce Ghost 2019', 'Berlina de ultra lujo con motor V12 6.75L biturbo, interior starlight y masajes en asientos traseros. Revisión completa, impecable.', 2, 'Usado', 'Img/imagenesVEHICULOS/Vehiculo25.jpg', 'Ciudad de México, CDMX, México', 9500000, 100000, '2026-07-05', '2026-07-19', 1, 'Sellada', 'pendiente', 0, 'V050'),
(51, 'MacBook Pro 16" M3 Max 2024', 'Laptop profesional Apple con chip M3 Max, 64GB RAM, 4TB SSD y pantalla Liquid Retina XDR. Rayón pequeño en esquina inferior derecha del chasis.', 3, 'Usado', 'Img/imagenesELECTRONICOS/Electronicos1.jpg', 'Ciudad de México, CDMX, México', 65000, 500, '2026-06-10', '2026-06-17', 1, 'Inglesa', 'aprobado', 0, 'V051'),
(52, 'Sony PlayStation 5 Edición Digital', 'Consola de última generación con SSD ultrarrápido y DualSense. Caja original incluida. Controlador con palancas ligeramente desgastadas.', 3, 'Usado', 'Img/imagenesELECTRONICOS/Electronicos2.jpg', 'Guadalajara, Jalisco, México', 7500, 100, '2026-06-10', '2026-06-17', 1, 'Inglesa', 'aprobado', 0, 'V052'),
(53, 'Samsung QLED 8K 85" QN900C', 'Televisor de 85 pulgadas con resolución 8K, procesador Neural Quantum y sonido Dolby Atmos. Sin detalles, comprado hace 6 meses.', 3, 'Usado', 'Img/imagenesELECTRONICOS/Electronicos3.jpg', 'Monterrey, Nuevo León, México', 42000, 500, '2026-06-11', '2026-06-18', 1, 'Inglesa', 'aprobado', 0, 'V053'),
(54, 'iPhone 15 Pro Max 256GB Titanio Natural', 'Smartphone premium Apple con chip A17 Pro, cámara 48MP y Dynamic Island. Pantalla sin rayones, batería al 95%.', 3, 'Usado', 'Img/imagenesELECTRONICOS/Electronicos4.jpg', 'Ciudad de México, CDMX, México', 18000, 200, '2026-06-10', '2026-06-17', 1, 'Inglesa', 'pendiente', 0, 'V054'),
(55, 'DJI Mavic 3 Pro Combo', 'Drone profesional con triple cámara Hasselblad, 43 min de vuelo y detección omnidireccional. Batería principal con 80% de ciclos restantes.', 3, 'Usado', 'Img/imagenesELECTRONICOS/Electronicos5.jpg', 'Ciudad de México, CDMX, México', 28000, 300, '2026-06-12', '2026-06-19', 1, 'Inglesa', 'pendiente', 0, 'V055'),
(56, 'Dell XPS 15 9530 Intel i9', 'Laptop premium con Intel i9-13900H, RTX 4070, 32GB RAM y pantalla OLED 3.5K. Pequeña mancha en palmrest izquierdo.', 3, 'Usado', 'Img/imagenesELECTRONICOS/Electronicos6.jpg', 'Guadalajara, Jalisco, México', 38000, 400, '2026-06-10', '2026-06-17', 1, 'Holandesa', 'pendiente', 0, 'V056'),
(57, 'Sony Alpha A7R V Mirrorless', 'Cámara sin espejo full frame 61MP con IBIS 5 ejes, AF con IA y grabación 8K. Obturador con 12,000 disparos. Sin detalles.', 3, 'Usado', 'Img/imagenesELECTRONICOS/Electronicos7.jpg', 'Ciudad de México, CDMX, México', 55000, 500, '2026-06-13', '2026-06-20', 1, 'Sellada', 'pendiente', 0, 'V057'),
(58, 'iPad Pro 13" M4 WiFi 256GB', 'Tablet profesional con pantalla Ultra Retina XDR, chip M4 y compatibilidad Apple Pencil Pro. Funda original incluida. Sin rayones.', 3, 'Usado', 'Img/imagenesELECTRONICOS/Electronicos8.jpg', 'Monterrey, Nuevo León, México', 22000, 250, '2026-06-11', '2026-06-18', 1, 'Inglesa', 'pendiente', 0, 'V058'),
(59, 'Gaming PC RTX 4090 Custom Build', 'PC gaming de alto rendimiento con RTX 4090, Intel i9-14900K, 64GB DDR5 y SSD NVMe 2TB. Ensamblaje personalizado en torre Lian Li. Sin detalles.', 3, 'Nuevo', 'Img/imagenesELECTRONICOS/Electronicos9.jpg', 'Ciudad de México, CDMX, México', 85000, 1000, '2026-06-14', '2026-06-21', 1, 'Inglesa', 'pendiente', 0, 'V059'),
(60, 'Samsung Galaxy Z Fold 6 512GB', 'Smartphone plegable con pantalla interna 7.6" y externa 6.3", S Pen y Galaxy AI. Bisagra en perfecto estado, pantalla sin marcas.', 3, 'Usado', 'Img/imagenesELECTRONICOS/Electronicos10.jpg', 'Guadalajara, Jalisco, México', 24000, 300, '2026-06-10', '2026-06-17', 1, 'Inglesa', 'pendiente', 0, 'V060'),
(61, 'Microsoft Surface Studio 2+', 'All-in-one artístico con pantalla PixelSense 28" táctil, Intel i7, 64GB RAM y GPU RTX 3060. Surface Pen incluido. Pequeña marca en base.', 3, 'Usado', 'Img/imagenesELECTRONICOS/Electronicos11.jpg', 'Ciudad de México, CDMX, México', 72000, 800, '2026-06-15', '2026-06-22', 1, 'Sellada', 'pendiente', 0, 'V061'),
(62, 'Sonos Era 300 Altavoces Estéreo', 'Par de altavoces Dolby Atmos con Trueplay automático y Wi-Fi 6. Sellados de fábrica, nunca usados.', 3, 'Nuevo', 'Img/imagenesELECTRONICOS/Electronicos12.jpg', 'Ciudad de México, CDMX, México', 15000, 200, '2026-06-10', '2026-06-17', 2, 'Inglesa', 'pendiente', 0, 'V062'),
(63, 'Canon EOS R3 Body', 'Cámara mirrorless professional con sensor BSI-CMOS 24.1MP, AF Eye Control y 30fps. 15,000 disparos en obturador. Sin detalles.', 3, 'Usado', 'Img/imagenesELECTRONICOS/Electronicos13.jpg', 'Ciudad de México, CDMX, México', 95000, 1000, '2026-06-16', '2026-06-23', 1, 'Sellada', 'pendiente', 0, 'V063'),
(64, 'Apple Watch Ultra 2 49mm', 'Smartwatch extremo con titanio aeroespacial, GPS de doble frecuencia y 60h de batería. Correa alpina naranja incluida. Pequeño rasguño en bisel.', 3, 'Usado', 'Img/imagenesELECTRONICOS/Electronicos14.jpg', 'Monterrey, Nuevo León, México', 14000, 150, '2026-06-10', '2026-06-17', 1, 'Inglesa', 'pendiente', 0, 'V064'),
(65, 'LG C3 OLED 77" 4K 120Hz', 'OLED evo con procesador α9 AI Gen6, Dolby Vision IQ y NVIDIA G-Sync. Pantalla impecable sin burn-in. Patas con leve polvo.', 3, 'Usado', 'Img/imagenesELECTRONICOS/Electronicos15.jpg', 'Guadalajara, Jalisco, México', 32000, 400, '2026-06-11', '2026-06-18', 1, 'Inglesa', 'pendiente', 0, 'V065'),
(66, 'Nintendo Switch OLED + Juegos', 'Consola con pantalla OLED 7", dock mejorado y Joy-Con blancos. Incluye 8 juegos físicos. Pequeñas marcas en dock por uso.', 3, 'Usado', 'Img/imagenesELECTRONICOS/Electronicos16.jpg', 'Ciudad de México, CDMX, México', 5500, 100, '2026-06-10', '2026-06-17', 1, 'Inglesa', 'pendiente', 0, 'V066'),
(67, 'Lenovo ThinkPad X1 Carbon Gen 11', 'Ultrabook empresarial con Intel i7-1365U, 32GB LPDDR5, 1TB SSD y pantalla 2.8K OLED. Perfecto estado, sin detalles.', 3, 'Usado', 'Img/imagenesELECTRONICOS/Electronicos17.jpg', 'Monterrey, Nuevo León, México', 28000, 300, '2026-06-12', '2026-06-19', 1, 'Holandesa', 'pendiente', 0, 'V067'),
(68, 'Bose QuietComfort Ultra Headphones', 'Audífonos over-ear con cancelación de ruido de clase mundial, Immersive Audio y 24h de batería. Caja original. Sin uso aparente.', 3, 'Nuevo', 'Img/imagenesELECTRONICOS/Electronicos18.jpg', 'Ciudad de México, CDMX, México', 8500, 100, '2026-06-10', '2026-06-17', 3, 'Inglesa', 'pendiente', 0, 'V068'),
(69, 'Oculus Meta Quest 3 512GB', 'Headset de realidad mixta con procesador Snapdragon XR2 Gen 2, color passthrough y lentes pancake. Usado 3 meses. Correas con desgaste menor.', 3, 'Usado', 'Img/imagenesELECTRONICOS/Electronicos19.jpg', 'Ciudad de México, CDMX, México', 11000, 150, '2026-06-11', '2026-06-18', 1, 'Inglesa', 'pendiente', 0, 'V069'),
(70, 'Wacom Cintiq Pro 27" Tableta', 'Monitor tableta profesional 4K HDR para ilustración y diseño con Pro Pen 3 incluido. Pantalla impecable, soporte original incluido.', 3, 'Usado', 'Img/imagenesELECTRONICOS/Electronicos20.jpg', 'Ciudad de México, CDMX, México', 45000, 500, '2026-06-13', '2026-06-20', 1, 'Sellada', 'pendiente', 0, 'V070'),
(71, 'GoPro Hero 12 Black Creator Edition', 'Kit completo con cámara de acción 5.3K, estabilizador magnético, micrófono y luz LED. Incluye caja original. Sin detalles.', 3, 'Nuevo', 'Img/imagenesELECTRONICOS/Electronicos21.jpg', 'Guadalajara, Jalisco, México', 12000, 150, '2026-06-10', '2026-06-17', 2, 'Inglesa', 'pendiente', 0, 'V071'),
(72, 'Alienware m18 R2 Gaming Laptop', 'Laptop gaming extrema con Intel i9-14900HX, RTX 4090 laptop, 64GB DDR5 y pantalla QHD+ 165Hz. Sin detalles, comprada hace 4 meses.', 3, 'Usado', 'Img/imagenesELECTRONICOS/Electronicos22.jpg', 'Ciudad de México, CDMX, México', 82000, 1000, '2026-06-14', '2026-06-21', 1, 'Inglesa', 'pendiente', 0, 'V072'),
(73, 'Kindle Scribe 64GB + Accesorios', 'E-reader con pantalla 10.2" 300ppi y lápiz premium incluido para notas. Con funda de cuero y cargador inalámbrico. Nuevo en caja.', 3, 'Nuevo', 'Img/imagenesELECTRONICOS/Electronicos23.jpg', 'Monterrey, Nuevo León, México', 5500, 100, '2026-06-10', '2026-06-17', 3, 'Inglesa', 'pendiente', 0, 'V073'),
(74, 'Dyson V15 Detect Absolute', 'Aspiradora inalámbrica con láser antipolvo, pantalla OLED y 60 minutos de autonomía. Todos los accesorios incluidos. Sin detalles.', 3, 'Nuevo', 'Img/imagenesELECTRONICOS/Electronicos24.jpg', 'Ciudad de México, CDMX, México', 14000, 200, '2026-06-10', '2026-06-17', 2, 'Inglesa', 'pendiente', 0, 'V074'),
(75, 'Ring Kit Seguridad Hogar Pro', 'Kit completo con cámara doorbell 4K, 2 cámaras interiores, sirena y sensor de movimiento Pro. Nuevo en caja, sin activar.', 3, 'Nuevo', 'Img/imagenesELECTRONICOS/Electronicos25.jpg', 'Guadalajara, Jalisco, México', 9500, 100, '2026-06-10', '2026-06-17', 2, 'Inglesa', 'pendiente', 0, 'V075'),
(76, 'Óleo Original ''Amanecer en Teotihuacán''', 'Pintura al óleo sobre lienzo 80x60cm firmada por artista mexicano contemporáneo. Colores vibrantes, marco incluido. Sin detalles.', 4, 'Nuevo', 'Img/imagenesArteColec/Arte1.jpg', 'Ciudad de México, CDMX, México', 12000, 200, '2026-06-10', '2026-06-17', 1, 'Inglesa', 'aprobado', 0, 'V076'),
(77, 'Litografía Numerada Rufino Tamayo', 'Litografía certificada 45/100 del maestro Rufino Tamayo, con certificado de autenticidad y procedencia. Enmarcada.', 4, 'Usado', 'Img/imagenesArteColec/Arte2.jpg', 'Ciudad de México, CDMX, México', 85000, 1000, '2026-06-12', '2026-06-26', 1, 'Sellada', 'aprobado', 0, 'V077'),
(78, 'Escultura Bronce ''Mujer con Cántaro''', 'Escultura fundida en bronce de 45cm de altura, firmada y numerada 3/10. Pátina original en perfecto estado.', 4, 'Nuevo', 'Img/imagenesArteColec/Arte3.jpg', 'Guadalajara, Jalisco, México', 28000, 500, '2026-06-11', '2026-06-18', 1, 'Inglesa', 'aprobado', 0, 'V078'),
(79, 'Fotografía Fine Art ''Desierto de Altar''', 'Fotografía artística 120x80cm impresa en papel Baryta, edición 5/20, firmada y enmarcada. Sin detalles.', 4, 'Nuevo', 'Img/imagenesArteColec/Arte4.jpg', 'Hermosillo, Sonora, México', 15000, 200, '2026-06-10', '2026-06-17', 1, 'Inglesa', 'pendiente', 0, 'V079'),
(80, 'Retablo Virgen de Guadalupe Siglo XIX', 'Retablo colonial en hoja de lata 25x20cm. Estimado 1850-1880. Pequeña mancha de óxido en esquina inferior.', 4, 'Usado', 'Img/imagenesArteColec/Arte5.jpg', 'Ciudad de México, CDMX, México', 35000, 500, '2026-06-13', '2026-06-27', 1, 'Inglesa', 'pendiente', 0, 'V080'),
(81, 'Cerámica Talavera Artesanal XL', 'Jarrón Talavera auténtica de Puebla, 60cm alto, firmado por maestro artesano certificado. Diseño tradicional con detalles azul cobalto.', 4, 'Nuevo', 'Img/imagenesArteColec/Arte6.jpg', 'Puebla, Puebla, México', 8500, 100, '2026-06-10', '2026-06-17', 2, 'Inglesa', 'pendiente', 0, 'V081'),
(82, 'Acuarela Original ''Mercado de Flores''', 'Acuarela sobre papel Arches 50x70cm firmada, serie mercados mexicanos. Sin enmarcar, certificado de autenticidad incluido.', 4, 'Nuevo', 'Img/imagenesArteColec/Arte7.jpg', 'Oaxaca, Oaxaca, México', 6500, 100, '2026-06-10', '2026-06-17', 1, 'Inglesa', 'pendiente', 0, 'V082'),
(83, 'Arte Huichol ''Nierika'' Gran Formato', 'Tabla votiva Huichol de 90x90cm con estambre y cera natural. Elaborada por artesano wirráritari certificado. Pieza única.', 4, 'Nuevo', 'Img/imagenesArteColec/Arte8.jpg', 'Tepic, Nayarit, México', 18000, 300, '2026-06-11', '2026-06-18', 1, 'Inglesa', 'pendiente', 0, 'V083'),
(84, 'Grabado Original ''Calavera Catrina''', 'Grabado en zinc técnica original 1910, reproducción certificada numerada 8/50 con documentación de procedencia. Enmarcado.', 4, 'Usado', 'Img/imagenesArteColec/Arte9.jpg', 'Ciudad de México, CDMX, México', 22000, 300, '2026-06-12', '2026-06-26', 1, 'Sellada', 'pendiente', 0, 'V084'),
(85, 'Tapiz Mazateco Artesanal', 'Tapiz tejido a mano en lana natural 120x80cm. Diseños geométricos tradicionales de la Sierra de Oaxaca. Certificado FONART.', 4, 'Nuevo', 'Img/imagenesArteColec/Arte10.jpg', 'Oaxaca, Oaxaca, México', 9000, 150, '2026-06-10', '2026-06-17', 2, 'Inglesa', 'pendiente', 0, 'V085'),
(86, 'Pintura Digital NFT Print ''Cosmos Maya''', 'Impresión de arte digital certificada sobre aluminio dibond 100x100cm. Edición 1/1 con certificado blockchain. Sin detalles.', 4, 'Nuevo', 'Img/imagenesArteColec/Arte11.jpg', 'Ciudad de México, CDMX, México', 14000, 200, '2026-06-13', '2026-06-20', 1, 'Inglesa', 'pendiente', 0, 'V086'),
(87, 'Máscara Ceremonial Lacandona Original', 'Máscara artesanal de madera copal pintada a mano por artesano lacandón certificado. Pieza única con documentación.', 4, 'Nuevo', 'Img/imagenesArteColec/Arte12.jpg', 'Palenque, Chiapas, México', 11000, 150, '2026-06-10', '2026-06-17', 1, 'Inglesa', 'pendiente', 0, 'V087'),
(88, 'Colección Monedas Siglo XIX México', 'Lote de 24 monedas de plata y cobre del período 1824-1910. Incluye catálogo numismático y caja de conservación.', 4, 'Usado', 'Img/imagenesArteColec/Arte13.jpg', 'Ciudad de México, CDMX, México', 45000, 500, '2026-06-15', '2026-06-29', 1, 'Sellada', 'pendiente', 0, 'V088'),
(89, 'Serigrafía ''Zapotec Dreams'' Ed. Limitada', 'Serigrafía a 8 colores sobre papel Arches 300g, 70x50cm. Edición 12/30 firmada. Técnica artesanal oaxaqueña.', 4, 'Nuevo', 'Img/imagenesArteColec/Arte14.jpg', 'Oaxaca, Oaxaca, México', 7500, 100, '2026-06-10', '2026-06-17', 1, 'Inglesa', 'pendiente', 0, 'V089'),
(90, 'Escultura Obsidiana Águila Azteca', 'Escultura tallada a mano en obsidiana negra volcánica de Teotihuacán, 30cm. Certificado de artesanía y autenticidad.', 4, 'Nuevo', 'Img/imagenesArteColec/Arte15.jpg', 'Ciudad de México, CDMX, México', 16000, 200, '2026-06-11', '2026-06-18', 1, 'Inglesa', 'pendiente', 0, 'V090'),
(91, 'Óleo ''Vendedora de Flores'' Estilo Rivera', 'Pintura al óleo sobre lienzo 100x80cm inspirada en el muralismo mexicano, firmada por artista contemporáneo. Enmarcada.', 4, 'Nuevo', 'Img/imagenesArteColec/Arte16.jpg', 'Ciudad de México, CDMX, México', 18000, 300, '2026-06-12', '2026-06-19', 1, 'Inglesa', 'pendiente', 0, 'V091'),
(92, 'Papel Amate Nahua Gran Formato', 'Papel amate pintado a mano 80x60cm con escenas de la vida cotidiana nahua. Artesano certificado de Guerrero.', 4, 'Nuevo', 'Img/imagenesArteColec/Arte17.jpg', 'Chilapa de Álvarez, Guerrero, México', 5500, 100, '2026-06-10', '2026-06-17', 3, 'Inglesa', 'pendiente', 0, 'V092'),
(93, 'Colección Estampillas Históricas 1910-1950', 'Álbum filatélico con 200 estampillas de la Revolución Mexicana y posrevolución. Incluye certificado de autenticidad.', 4, 'Usado', 'Img/imagenesArteColec/Arte18.jpg', 'Ciudad de México, CDMX, México', 32000, 400, '2026-06-14', '2026-06-28', 1, 'Sellada', 'pendiente', 0, 'V093'),
(94, 'Escultura Cerámica ''Diosa Coatlicue'' Réplica', 'Réplica de alta fidelidad en cerámica policromada, 40cm, producida por artesano certificado. Certificado INAH incluido.', 4, 'Nuevo', 'Img/imagenesArteColec/Arte19.jpg', 'Ciudad de México, CDMX, México', 12000, 150, '2026-06-10', '2026-06-17', 2, 'Inglesa', 'pendiente', 0, 'V094'),
(95, 'Cartel Original Cine de Oro Mexicano 1950s', 'Cartel original de película del Cine de Oro, 90x60cm, impresión litográfica. Pequeña doblez en esquina superior. Con marco antirreflejo.', 4, 'Usado', 'Img/imagenesArteColec/Arte20.jpg', 'Ciudad de México, CDMX, México', 28000, 400, '2026-06-13', '2026-06-27', 1, 'Inglesa', 'pendiente', 0, 'V095'),
(96, 'Instalación Artística Luminosa ''Cenote''', 'Obra instalación con neones azules y elementos orgánicos, 100x80x40cm. Edición 1/5. Funciona perfectamente.', 4, 'Nuevo', 'Img/imagenesArteColec/Arte21.jpg', 'Ciudad de México, CDMX, México', 22000, 300, '2026-06-12', '2026-06-26', 1, 'Sellada', 'pendiente', 0, 'V096'),
(97, 'Barro Negro Oaxaqueño Set Decorativo', 'Set de 5 piezas de barro negro de San Bartolo Coyotepec, firmadas por artesana reconocida. Tamaños variados. Perfectas.', 4, 'Nuevo', 'Img/imagenesArteColec/Arte22.jpg', 'Oaxaca, Oaxaca, México', 7000, 100, '2026-06-10', '2026-06-17', 2, 'Inglesa', 'pendiente', 0, 'V097'),
(98, 'Aguafuerte ''Ciudad Perdida'' Ed. 1970s', 'Aguafuerte sobre papel de algodón 60x40cm, firmada y fechada 1974 por grabador mexicano reconocido. Certificado de autenticidad.', 4, 'Usado', 'Img/imagenesArteColec/Arte23.jpg', 'Ciudad de México, CDMX, México', 19000, 250, '2026-06-11', '2026-06-25', 1, 'Inglesa', 'pendiente', 0, 'V098'),
(99, 'Textil Tzotzil ''Quexquémetl'' Ceremonial', 'Prenda ceremonial tzotzil tejida en telar de cintura, 90x70cm, diseños tradicionales en lana natural. Certificado comunidad artesana.', 4, 'Nuevo', 'Img/imagenesArteColec/Arte24.jpg', 'San Cristóbal, Chiapas, México', 8500, 150, '2026-06-10', '2026-06-17', 1, 'Inglesa', 'pendiente', 0, 'V099'),
(100, 'Dibujo Original Carboncillo ''Familia''', 'Obra en carboncillo y sanguina sobre papel Fabriano A1, firmada 2023. Escena familiar rural. Sin enmarcar, perfecta conservación.', 4, 'Nuevo', 'Img/imagenesArteColec/Arte25.jpg', 'Guadalajara, Jalisco, México', 5000, 100, '2026-06-10', '2026-06-17', 1, 'Inglesa', 'pendiente', 0, 'V100'),
(101, 'Reloj Rolex Submariner Date Ref. 126610LN', 'Reloj de buceo icónico en acero Oystersteel, movimiento Calibre 3235, bisel Cerachrom negro. Servicio reciente en Rolex. Con caja y papeles originales.', 5, 'Usado', 'Img/imagenesRopaAccesorios/RopaArt1.jpg', 'Ciudad de México, CDMX, México', 380000, 5000, '2026-06-10', '2026-06-17', 1, 'Sellada', 'aprobado', 0, 'V101'),
(102, 'Bolsa Hermès Birkin 30 Togo Negra', 'Bolsa icónica en cuero Togo negro con herraje dorado. Comprada en tienda Hermès París. Sin signos de uso. Con caja naranja y papeles.', 5, 'Nuevo', 'Img/imagenesRopaAccesorios/RopaArt2.jpg', 'Ciudad de México, CDMX, México', 580000, 10000, '2026-06-12', '2026-06-26', 1, 'Sellada', 'aprobado', 0, 'V102'),
(103, 'Tenis Nike Air Jordan 1 Retro High OG ''Chicago''', 'Sneakers icónicos colorway Chicago talla 9 US. Deadstock, sin usar, caja original con etiquetas. Colección 2023.', 5, 'Nuevo', 'Img/imagenesRopaAccesorios/RopaArt3.jpg', 'Guadalajara, Jalisco, México', 8500, 200, '2026-06-10', '2026-06-17', 1, 'Inglesa', 'aprobado', 0, 'V103'),
(104, 'Sombrero Vaquero Resistol 3X Beaver', 'Sombrero de fieltro resistol premium talla 7 1/4. Banda de cuero trenzado y acabado fino. Nuevo en caja.', 5, 'Nuevo', 'Img/imagenesRopaAccesorios/RopaArt4.jpg', 'Monterrey, Nuevo León, México', 3500, 100, '2026-06-10', '2026-06-17', 3, 'Inglesa', 'pendiente', 0, 'V104'),
(105, 'Traje Sastre Italiano Canali Lana Virgen', 'Traje de dos piezas en lana virgen 130s talla 50 (40 US). Solapas notch, azul marino. Ligerísimo desgaste en codo derecho.', 5, 'Usado', 'Img/imagenesRopaAccesorios/RopaArt5.jpg', 'Ciudad de México, CDMX, México', 18000, 300, '2026-06-11', '2026-06-18', 1, 'Inglesa', 'pendiente', 0, 'V105'),
(106, 'Cinturón Gucci GG Supreme Piel', 'Cinturón unisex talla 90/34, hebilla GG, en cuero beige con logo supremo. Estuche original incluido. Sin signos de uso.', 5, 'Nuevo', 'Img/imagenesRopaAccesorios/RopaArt6.jpg', 'Ciudad de México, CDMX, México', 9500, 200, '2026-06-10', '2026-06-17', 1, 'Inglesa', 'pendiente', 0, 'V106'),
(107, 'Botas Cuero Artesanal Leon GTO', 'Botas picadas a mano en cuero vacuno de primera talla 27.5, puntera cincelada. Taller artesanal certificado León, Gto. Nuevas.', 5, 'Nuevo', 'Img/imagenesRopaAccesorios/RopaArt7.jpg', 'León, Guanajuato, México', 5800, 100, '2026-06-10', '2026-06-17', 3, 'Inglesa', 'pendiente', 0, 'V107'),
(108, 'Gafas de Sol Ray-Ban Clubmaster RB3016', 'Lentes dorados con cristales verde G-15, montura acetato negro/dorado. Nuevas, caja y estuche originales. Certificado de autenticidad.', 5, 'Nuevo', 'Img/imagenesRopaAccesorios/RopaArt8.jpg', 'Ciudad de México, CDMX, México', 3200, 100, '2026-06-10', '2026-06-17', 5, 'Inglesa', 'pendiente', 0, 'V108'),
(109, 'Vestido Alta Costura Bordado a Mano', 'Vestido de coctel en seda natural con bordado manual de flores, talla 6 (S). Diseñador mexicano independiente. Nunca usado.', 5, 'Nuevo', 'Img/imagenesRopaAccesorios/RopaArt9.jpg', 'Ciudad de México, CDMX, México', 22000, 400, '2026-06-11', '2026-06-18', 1, 'Inglesa', 'pendiente', 0, 'V109'),
(110, 'Tenis Adidas Yeezy Boost 350 V2 Zebra', 'Yeezy Zebra talla 9 US. Autenticados por StockX. Deadstock. Caja original y recibo de compra incluidos.', 5, 'Nuevo', 'Img/imagenesRopaAccesorios/RopaArt10.jpg', 'Ciudad de México, CDMX, México', 9200, 200, '2026-06-10', '2026-06-17', 1, 'Inglesa', 'pendiente', 0, 'V110'),
(111, 'Cartera Piel Cocodrilo Genuino', 'Cartera bi-fold en piel de cocodrilo genuina con CITES, 12 tarjeteros y monedero. Artesano certificado. Nueva en estuche.', 5, 'Nuevo', 'Img/imagenesRopaAccesorios/RopaArt11.jpg', 'Ciudad de México, CDMX, México', 12000, 200, '2026-06-10', '2026-06-17', 2, 'Inglesa', 'pendiente', 0, 'V111'),
(112, 'Collar Oro 18K con Diamantes', 'Collar en oro 18 quilates con 0.5ct de diamantes VS1-G, cadena veneziana 45cm. Certificado gemológico GIA incluido.', 5, 'Nuevo', 'Img/imagenesRopaAccesorios/RopaArt12.jpg', 'Ciudad de México, CDMX, México', 85000, 1500, '2026-06-13', '2026-06-20', 1, 'Sellada', 'pendiente', 0, 'V112'),
(113, 'Mochila Viaje Louis Vuitton Keepall 55', 'Bolsa de viaje LV en lona Monogram con cuero natural y candado numerado. Caja y papeles originales. Sin uso.', 5, 'Nuevo', 'Img/imagenesRopaAccesorios/RopaArt13.jpg', 'Ciudad de México, CDMX, México', 52000, 1000, '2026-06-12', '2026-06-26', 1, 'Sellada', 'pendiente', 0, 'V113'),
(114, 'Huipil Bordado Zinacantán Ceremonial', 'Huipil artesanal tzotzil bordado a mano en seda, colores vibrantes. Talla única. Certificado comunidad artesana Zinacantán.', 5, 'Nuevo', 'Img/imagenesRopaAccesorios/RopaArt14.jpg', 'Zinacantán, Chiapas, México', 4500, 100, '2026-06-10', '2026-06-17', 3, 'Inglesa', 'pendiente', 0, 'V114'),
(115, 'Reloj Omega Seamaster 300M Co-Axial', 'Reloj de buceo de 42mm, movimiento 8800 Master Chronometer, certificado METAS. Con caja, papeles y brazalete extra de caucho.', 5, 'Usado', 'Img/imagenesRopaAccesorios/RopaArt15.jpg', 'Guadalajara, Jalisco, México', 85000, 1000, '2026-06-11', '2026-06-25', 1, 'Inglesa', 'pendiente', 0, 'V115'),
(116, 'Saco Cuero Napas Italiano Zara Studio', 'Saco biker en napa italiana talla M, color negro, sin detalles. Etiquetas originales, nunca usado.', 5, 'Nuevo', 'Img/imagenesRopaAccesorios/RopaArt16.jpg', 'Ciudad de México, CDMX, México', 4200, 100, '2026-06-10', '2026-06-17', 2, 'Inglesa', 'pendiente', 0, 'V116'),
(117, 'Pulsera Pandora Moments Plata S925', 'Pulsera de 19cm con 8 charms originales temáticos México. Nueva en caja, con bolsa de regalo y certificado de autenticidad.', 5, 'Nuevo', 'Img/imagenesRopaAccesorios/RopaArt17.jpg', 'Monterrey, Nuevo León, México', 3800, 100, '2026-06-10', '2026-06-17', 3, 'Inglesa', 'pendiente', 0, 'V117'),
(118, 'Chamarra Vintage Levi''s Trucker 1970s', 'Chamarra denim tipo II talla L, lavado vintage auténtico, sin parches, botones originales. Perfecta para colección.', 5, 'Usado', 'Img/imagenesRopaAccesorios/RopaArt18.jpg', 'Ciudad de México, CDMX, México', 3500, 100, '2026-06-10', '2026-06-17', 1, 'Inglesa', 'pendiente', 0, 'V118'),
(119, 'Traje de Noche Valentino Couture', 'Vestido largo de noche en seda charmeuse negro con bordado floral dorado talla IT 40 (XS-S). Nunca usado, caja boutique.', 5, 'Nuevo', 'Img/imagenesRopaAccesorios/RopaArt19.jpg', 'Ciudad de México, CDMX, México', 95000, 2000, '2026-06-13', '2026-06-27', 1, 'Sellada', 'pendiente', 0, 'V119'),
(120, 'Aretes Arracadas Oro Filigrana Oaxaca', 'Aretes de filigrana en oro 14K de artesano oaxaqueño certificado, 8cm largo. Certificado FONART, caja incluida.', 5, 'Nuevo', 'Img/imagenesRopaAccesorios/RopaArt20.jpg', 'Oaxaca, Oaxaca, México', 12500, 200, '2026-06-10', '2026-06-17', 2, 'Inglesa', 'pendiente', 0, 'V120'),
(121, 'Tenis New Balance 550 White Green', 'Colorway exclusivo white/green talla 10 US. Edición limitada collab. Deadstock, caja y tissue originales. Auth StockX.', 5, 'Nuevo', 'Img/imagenesRopaAccesorios/RopaArt21.jpg', 'Ciudad de México, CDMX, México', 4800, 100, '2026-06-10', '2026-06-17', 1, 'Inglesa', 'pendiente', 0, 'V121'),
(122, 'Bufanda Cachemira Loro Piana 200x70cm', 'Bufanda en cachemira baby 100% en color camel. Nueva en caja Loro Piana con lazo. Verificada y con papel de garantía.', 5, 'Nuevo', 'Img/imagenesRopaAccesorios/RopaArt22.jpg', 'Ciudad de México, CDMX, México', 28000, 500, '2026-06-11', '2026-06-18', 1, 'Inglesa', 'pendiente', 0, 'V122'),
(123, 'Sombrero Panamá Montecristi Superfino', 'Sombrero Montecristi grado superfino tejido a mano en Ecuador, 200 horas de trabajo. Trenza de 20 hilos. Caja incluida.', 5, 'Nuevo', 'Img/imagenesRopaAccesorios/RopaArt23.jpg', 'Ciudad de México, CDMX, México', 22000, 400, '2026-06-12', '2026-06-19', 1, 'Inglesa', 'pendiente', 0, 'V123'),
(124, 'Anillo Compromiso Platino con Diamante 1ct', 'Anillo de compromiso en platino 950 con diamante central 1ct H-VS2 talla brillante. Certificado GIA y garantía de por vida.', 5, 'Nuevo', 'Img/imagenesRopaAccesorios/RopaArt24.jpg', 'Ciudad de México, CDMX, México', 145000, 2000, '2026-06-15', '2026-06-22', 1, 'Sellada', 'pendiente', 0, 'V124'),
(125, 'Manta Artesanal Saltillo Santa Brígida', 'Manta tradicional de Saltillo en lana natural, 200x140cm, diseño diamante tricolor. Artesano certificado. Nueva.', 5, 'Nuevo', 'Img/imagenesRopaAccesorios/RopaArt25.jpg', 'Saltillo, Coahuila, México', 3800, 100, '2026-06-10', '2026-06-17', 4, 'Inglesa', 'pendiente', 0, 'V125'),
(126, 'Bicicleta de Ruta Trek Émonda SLR 9 2023', 'Bicicleta de carbono ultra ligera con grupo Shimano Dura-Ace Di2 y ruedas Bontrager Aeolus RSL 51. Talla 54cm. 800km de uso.', 6, 'Usado', 'Img/imagenesArtDeportivos/ArtDeportivos1.jpg', 'Ciudad de México, CDMX, México', 78000, 1000, '2026-06-10', '2026-06-17', 1, 'Inglesa', 'aprobado', 0, 'V126'),
(127, 'Tabla de Surf Firewire Seaside 7''0"', 'Tabla de surf en LFT (Lighter Faster Technology) para olas medianas, con tres quillas FCS II incluidas. Sin ding, perfecta.', 6, 'Usado', 'Img/imagenesArtDeportivos/ArtDeportivos2.jpg', 'Puerto Escondido, Oaxaca, México', 18000, 300, '2026-06-10', '2026-06-17', 1, 'Inglesa', 'aprobado', 0, 'V127'),
(128, 'Kit Golf Callaway Apex Pro Set Completo', 'Set de 14 palos Callaway Apex Pro con bolsa tour. Maderas 1 y 3, hierros 4-PW, SW, 2 wedges y putter Odyssey. Poco uso.', 6, 'Usado', 'Img/imagenesArtDeportivos/ArtDeportivos3.jpg', 'Ciudad de México, CDMX, México', 45000, 500, '2026-06-11', '2026-06-18', 1, 'Inglesa', 'aprobado', 0, 'V128'),
(129, 'Kayak Ocean Wilderness Tsunami 145', 'Kayak de travesía 4.4m en polietileno, timón de pie y bodega trasera. Usado 5 veces, sin abolladuras. Remos incluidos.', 6, 'Usado', 'Img/imagenesArtDeportivos/ArtDeportivos4.jpg', 'Cancún, Quintana Roo, México', 22000, 400, '2026-06-10', '2026-06-17', 1, 'Inglesa', 'pendiente', 0, 'V129'),
(130, 'Equipo Escalada Black Diamond Completo', 'Set completo para escalada en roca: arnes, casco, 15 cintas, 10 cosillas, dispositivo asegurador, 2 mosquetones HMS. Sin detalles.', 6, 'Usado', 'Img/imagenesArtDeportivos/ArtDeportivos5.jpg', 'Ciudad de México, CDMX, México', 14000, 200, '2026-06-10', '2026-06-17', 1, 'Inglesa', 'pendiente', 0, 'V130'),
(131, 'Trotadora NordicTrack Commercial 1750', 'Caminadora profesional con pantalla 10" HD, iFit, inclinación automática -3 a 15% y velocidad 22 km/h. 6 meses de uso, perfecta.', 6, 'Usado', 'Img/imagenesArtDeportivos/ArtDeportivos6.jpg', 'Guadalajara, Jalisco, México', 22000, 400, '2026-06-10', '2026-06-17', 1, 'Inglesa', 'pendiente', 0, 'V131'),
(132, 'Raqueta Tenis Wilson Pro Staff RF97 Autograph', 'Raqueta firmada con firma impresa de Roger Federer, 340g, 97sq in. Encordada con Luxilon Alu Power. Poco uso.', 6, 'Usado', 'Img/imagenesArtDeportivos/ArtDeportivos7.jpg', 'Ciudad de México, CDMX, México', 5800, 100, '2026-06-10', '2026-06-17', 1, 'Inglesa', 'pendiente', 0, 'V132'),
(133, 'Patines Hockey Bauer Supreme M5 Pro', 'Patines de hielo pro con bota termoformable, cuchilla LS Pulse TI y porta-cuchilla Tuuk. Talla 9. Poco uso, sin abolladuras.', 6, 'Usado', 'Img/imagenesArtDeportivos/ArtDeportivos8.jpg', 'Ciudad de México, CDMX, México', 12000, 200, '2026-06-10', '2026-06-17', 1, 'Inglesa', 'pendiente', 0, 'V133'),
(134, 'Pesas Ajustables Bowflex SelectTech 552', 'Set de mancuernas ajustables de 2 a 24 kg en 15 incrementos. Soporte incluido. 8 meses de uso, perfectas.', 6, 'Usado', 'Img/imagenesArtDeportivos/ArtDeportivos9.jpg', 'Monterrey, Nuevo León, México', 8500, 150, '2026-06-10', '2026-06-17', 1, 'Inglesa', 'pendiente', 0, 'V134'),
(135, 'Bicicleta MTB Specialized Stumpjumper 2024', 'Mountain bike full suspension con cuadro carbono, Fox 36 Factory, SRAM GX Eagle 12vel. Talla M. 200km de rodada.', 6, 'Usado', 'Img/imagenesArtDeportivos/ArtDeportivos10.jpg', 'Ciudad de México, CDMX, México', 65000, 1000, '2026-06-11', '2026-06-18', 1, 'Inglesa', 'pendiente', 0, 'V135'),
(136, 'Tabla Snowboard Burton Custom 158W 2024', 'Tabla de snowboard all-mountain con Flying V camber, núcleo SuperFly II y laminado Pro-Tip. Con fijaciones Step On incluidas.', 6, 'Nuevo', 'Img/imagenesArtDeportivos/ArtDeportivos11.jpg', 'Ciudad de México, CDMX, México', 28000, 400, '2026-06-12', '2026-06-19', 1, 'Inglesa', 'pendiente', 0, 'V136'),
(137, 'Guantes Boxeo Everlast Pro Style Elite 16oz', 'Guantes de entrenamiento profesional de cuero genuino. 16oz. Usados en sala de boxeo 3 meses. Sin roturas.', 6, 'Usado', 'Img/imagenesArtDeportivos/ArtDeportivos12.jpg', 'Ciudad de México, CDMX, México', 1800, 50, '2026-06-10', '2026-06-17', 2, 'Inglesa', 'pendiente', 0, 'V137'),
(138, 'Casco Ciclismo Kask Protone 2023', 'Casco aerodinámico 220g con 28 ventilaciones y sistema OctaFit. Talla M. Nunca usado en carrera, exhibición.', 6, 'Nuevo', 'Img/imagenesArtDeportivos/ArtDeportivos13.jpg', 'Ciudad de México, CDMX, México', 6500, 100, '2026-06-10', '2026-06-17', 2, 'Inglesa', 'pendiente', 0, 'V138'),
(139, 'Arco Recurvo Hoyt Formula XI 25" RH', 'Arco olímpico con raiser Hoyt Formula y botones de limber. 25" RH, 36 libras. Usado en torneo 1 temporada.', 6, 'Usado', 'Img/imagenesArtDeportivos/ArtDeportivos14.jpg', 'Ciudad de México, CDMX, México', 22000, 300, '2026-06-11', '2026-06-18', 1, 'Inglesa', 'pendiente', 0, 'V139'),
(140, 'Traje Triatlón Orca Predator Full Sleeve', 'Traje de neopreno 5mm con flotadores en cadera y hombros, cierre YKK. Talla MT. Usado en 2 triatlones. Sin roturas.', 6, 'Usado', 'Img/imagenesArtDeportivos/ArtDeportivos15.jpg', 'Ciudad de México, CDMX, México', 8500, 150, '2026-06-10', '2026-06-17', 1, 'Inglesa', 'pendiente', 0, 'V140'),
(141, 'Pelota Balón de Futbol Match Adidas Finale UCL', 'Balón oficial UEFA Champions League talla 5, con Conext21 cubierta cosida a máquina. Sellado. Pack de 3 unidades.', 6, 'Nuevo', 'Img/imagenesArtDeportivos/ArtDeportivos16.jpg', 'Ciudad de México, CDMX, México', 1800, 50, '2026-06-10', '2026-06-17', 3, 'Inglesa', 'pendiente', 0, 'V141'),
(142, 'Bote Inflable Sea Eagle 370 Pro', 'Kayak inflable de 3.7m para 3 personas, con bomba, remos y mochila de transporte. Usado 4 veces. Sin pinchazos.', 6, 'Usado', 'Img/imagenesArtDeportivos/ArtDeportivos17.jpg', 'Guadalajara, Jalisco, México', 15000, 200, '2026-06-10', '2026-06-17', 1, 'Inglesa', 'pendiente', 0, 'V142'),
(143, 'Raqueta Pádel Babolat Technical Viper Carbon', 'Raqueta profesional de carbono 3K para jugadores avanzados. 370g. Grip original. Usada 2 meses. Sin golpes.', 6, 'Usado', 'Img/imagenesArtDeportivos/ArtDeportivos18.jpg', 'Ciudad de México, CDMX, México', 6500, 100, '2026-06-10', '2026-06-17', 1, 'Inglesa', 'pendiente', 0, 'V143'),
(144, 'Silla Ergonómica Garmin Edge 840 GPS Ciclismo', 'Computadora GPS de ciclismo con ClimbPro, Stamina Training y mapas preinstalados. Nueva en caja.', 6, 'Nuevo', 'Img/imagenesArtDeportivos/ArtDeportivos19.jpg', 'Ciudad de México, CDMX, México', 9500, 150, '2026-06-10', '2026-06-17', 2, 'Inglesa', 'pendiente', 0, 'V144'),
(145, 'Protecciones Motocross Fox Racing Titan Sport', 'Set completo protecciones motocross: peto, rodilleras y coderas. Talla L. Usadas en 5 carreras. Sin fracturas.', 6, 'Usado', 'Img/imagenesArtDeportivos/ArtDeportivos20.jpg', 'Guadalajara, Jalisco, México', 5500, 100, '2026-06-10', '2026-06-17', 1, 'Inglesa', 'pendiente', 0, 'V145'),
(146, 'Cuerda Escalada Mammut 9.5 Crag Dry 70m', 'Cuerda dinámica single con tratamiento Dry, 9.5mm diámetro, 70m. Usada 10 salidas. Certificada UIAA/CE.', 6, 'Usado', 'Img/imagenesArtDeportivos/ArtDeportivos21.jpg', 'Ciudad de México, CDMX, México', 3800, 100, '2026-06-10', '2026-06-17', 1, 'Inglesa', 'pendiente', 0, 'V146'),
(147, 'Parapente Nova Mentor 7 Talla M', 'Vela de parapente EN-B talla M, 80 vuelos totales. Revisión certificada realizada. Funda y acelerador incluidos. Sin desgarro.', 6, 'Usado', 'Img/imagenesArtDeportivos/ArtDeportivos22.jpg', 'Valle de Bravo, Estado de México, México', 65000, 1000, '2026-06-12', '2026-06-26', 1, 'Sellada', 'pendiente', 0, 'V147'),
(148, 'Bicicleta BMX Sunday Primer 20.75" 2024', 'BMX street con cuadro cromo toptube 20.75", llantas Odyssey, manillar 9". Nueva, nunca usada en skatepark.', 6, 'Nuevo', 'Img/imagenesArtDeportivos/ArtDeportivos23.jpg', 'Ciudad de México, CDMX, México', 9800, 150, '2026-06-10', '2026-06-17', 2, 'Inglesa', 'pendiente', 0, 'V148'),
(149, 'Kayak Siit Sup Stand-Up Inflable 11''', 'Tabla SUP inflable de 335cm con paleta ajustable, leash y mochila de transporte. Sin uso, comprado en expo.', 6, 'Nuevo', 'Img/imagenesArtDeportivos/ArtDeportivos24.jpg', 'Vallarta, Jalisco, México', 11000, 200, '2026-06-10', '2026-06-17', 1, 'Inglesa', 'pendiente', 0, 'V149'),
(150, 'Saco de Boxeo Everlast Heavy Bag 100lb Kit', 'Saco de entrenamiento 100 libras relleno, con soporte universal y guantes de 14oz incluidos. Nuevo en caja.', 6, 'Nuevo', 'Img/imagenesArtDeportivos/ArtDeportivos25.jpg', 'Ciudad de México, CDMX, México', 7500, 150, '2026-06-10', '2026-06-17', 2, 'Inglesa', 'pendiente', 0, 'V150'),
(151, 'Primera Edición ''Pedro Páramo'' Juan Rulfo 1955', 'Ejemplar de primera edición del FCE, 1955. Pasta desgastada, texto en perfecto estado. Certificado de autenticidad del librero.', 7, 'Usado', 'Img/imagenesLibros/ArtLibro1.jpg', 'Ciudad de México, CDMX, México', 45000, 500, '2026-06-10', '2026-06-17', 1, 'Sellada', 'aprobado', 0, 'V151'),
(152, 'Colección Completa Harry Potter Edición Ilustrada', 'Los 7 tomos Harry Potter con ilustraciones de Jim Kay. Tapa dura en perfecto estado, sin detalles. Caja coleccionista.', 7, 'Nuevo', 'Img/imagenesLibros/ArtLibro2.jpg', 'Ciudad de México, CDMX, México', 8500, 150, '2026-06-10', '2026-06-17', 2, 'Inglesa', 'aprobado', 0, 'V152'),
(153, 'Códice Facsímil Vindobonensis Mexicanus I', 'Facsímil de alta fidelidad del Códice Viena. Encuadernación piel, 52 hojas en acordeón. Edición académica FCE/UNAM.', 7, 'Nuevo', 'Img/imagenesLibros/ArtLibro3.jpg', 'Ciudad de México, CDMX, México', 18000, 300, '2026-06-12', '2026-06-19', 1, 'Inglesa', 'aprobado', 0, 'V153'),
(154, 'Enciclopedia Britannica 32 Tomos 1974', 'Colección completa Britannica edición 1974, 32 volúmenes encuadernados en piel. Estado impecable, encuadernación original.', 7, 'Usado', 'Img/imagenesLibros/ArtLibro4.jpg', 'Guadalajara, Jalisco, México', 12000, 200, '2026-06-11', '2026-06-18', 1, 'Inglesa', 'pendiente', 0, 'V154'),
(155, 'Biblia Gutenberg Facsímil Vol I y II', 'Reproducción facsímil de alta fidelidad de la Biblia de Gutenberg. 2 tomos encuadernados en pergamino. Edición Taschen 2018.', 7, 'Nuevo', 'Img/imagenesLibros/ArtLibro5.jpg', 'Ciudad de México, CDMX, México', 35000, 500, '2026-06-13', '2026-06-27', 1, 'Sellada', 'pendiente', 0, 'V155'),
(156, 'Libro Arte Taschen ''Diego Rivera'' Gran Formato', 'Monografía Taschen XL de Diego Rivera, 600 páginas, 400 obras ilustradas. Nuevo en caja original sellada.', 7, 'Nuevo', 'Img/imagenesLibros/ArtLibro6.jpg', 'Ciudad de México, CDMX, México', 4500, 100, '2026-06-10', '2026-06-17', 3, 'Inglesa', 'pendiente', 0, 'V156'),
(157, 'Primera Edición ''Cien Años de Soledad'' 1967', 'Ejemplar de la primera edición sudamericana de Cien Años de Soledad, Gabriel García Márquez. Páginas amarillas, tapa con desgaste. Certificado.', 7, 'Usado', 'Img/imagenesLibros/ArtLibro7.jpg', 'Ciudad de México, CDMX, México', 95000, 1000, '2026-06-15', '2026-06-29', 1, 'Sellada', 'pendiente', 0, 'V157'),
(158, 'Manual Arquitectura Brutalista Phaidon Press', 'Volumen enciclopédico 312 edificios brutalistas del mundo, 512 páginas, papel couché. Nuevo sellado.', 7, 'Nuevo', 'Img/imagenesLibros/ArtLibro8.jpg', 'Ciudad de México, CDMX, México', 2800, 100, '2026-06-10', '2026-06-17', 4, 'Inglesa', 'pendiente', 0, 'V158'),
(159, 'Colección Obras Completas Octavio Paz FCE', '15 volúmenes de las obras completas del Premio Nobel Octavio Paz. Edición FCE 1994-2003. Perfectas, sin notas.', 7, 'Usado', 'Img/imagenesLibros/ArtLibro9.jpg', 'Ciudad de México, CDMX, México', 8500, 150, '2026-06-10', '2026-06-17', 1, 'Inglesa', 'pendiente', 0, 'V159'),
(160, 'Libro Pop-Up Fantástico ''El Universo''', 'Libro pop-up de astronomía con 30 estructuras tridimensionales. Para adultos coleccionistas. Nuevo, nunca abierto.', 7, 'Nuevo', 'Img/imagenesLibros/ArtLibro10.jpg', 'Ciudad de México, CDMX, México', 3200, 100, '2026-06-10', '2026-06-17', 3, 'Inglesa', 'pendiente', 0, 'V160'),
(161, 'Atlas Nacional de México UNAM Gran Formato', 'Atlas geográfico completo de México, 240 páginas, 300 mapas temáticos. Edición actualizada 2022. Nuevo.', 7, 'Nuevo', 'Img/imagenesLibros/ArtLibro11.jpg', 'Ciudad de México, CDMX, México', 2500, 50, '2026-06-10', '2026-06-17', 5, 'Inglesa', 'pendiente', 0, 'V161'),
(162, 'Colección Manga Berserk Completa 41 Tomos', 'Manga completo de Kentaro Miura, 41 tomos en japonés. Todos en perfecto estado sin roturas ni manchas.', 7, 'Usado', 'Img/imagenesLibros/ArtLibro12.jpg', 'Ciudad de México, CDMX, México', 9500, 200, '2026-06-11', '2026-06-18', 1, 'Inglesa', 'pendiente', 0, 'V162'),
(163, 'Libro Iluminado Medieval Facsímil ''Libro de Kells''', 'Reproducción de alta calidad del Libro de Kells en pergamino sintético. Encuadernación artesanal. Estuche de madera incluido.', 7, 'Nuevo', 'Img/imagenesLibros/ArtLibro13.jpg', 'Ciudad de México, CDMX, México', 12000, 200, '2026-06-10', '2026-06-17', 1, 'Inglesa', 'pendiente', 0, 'V163'),
(164, 'Diccionario Porrúa Historia Geografía Mexico 6ta Ed.', 'Diccionario enciclopédico Porrúa 6ta edición en 2 tomos, pasta dura. Año 1995. Pequeño desgaste en lomo.', 7, 'Usado', 'Img/imagenesLibros/ArtLibro14.jpg', 'Ciudad de México, CDMX, México', 3500, 100, '2026-06-10', '2026-06-17', 2, 'Inglesa', 'pendiente', 0, 'V164'),
(165, 'Libro Firmado Elena Poniatowska ''La Noche de Tlatelolco''', 'Ejemplar firmado de La Noche de Tlatelolco de Elena Poniatowska. Edición Era 1971. Pequeñas marcas en portada.', 7, 'Usado', 'Img/imagenesLibros/ArtLibro15.jpg', 'Ciudad de México, CDMX, México', 22000, 300, '2026-06-12', '2026-06-19', 1, 'Sellada', 'pendiente', 0, 'V165'),
(166, 'Colección Sopa de Libros Completa 50 Tomos', 'Colección infantil-juvenil completa 50 títulos. Todos en perfecto estado, sin subrayados. Ideal para biblioteca.', 7, 'Usado', 'Img/imagenesLibros/ArtLibro16.jpg', 'Ciudad de México, CDMX, México', 4500, 100, '2026-06-10', '2026-06-17', 1, 'Inglesa', 'pendiente', 0, 'V166'),
(167, 'Fotografía ''México Desconocido'' Colección 20 Años', '20 volúmenes anuales de la revista México Desconocido encuadernados en pasta dura. Fotografías históricas de México.', 7, 'Usado', 'Img/imagenesLibros/ArtLibro17.jpg', 'Ciudad de México, CDMX, México', 6500, 100, '2026-06-10', '2026-06-17', 1, 'Inglesa', 'pendiente', 0, 'V167'),
(168, 'Manual de Taxonomía Vegetal México CONABIO', 'Manual académico completo de taxonomía de flora mexicana. 3 volúmenes, 1,800 páginas, ilustraciones botánicas. Nuevo.', 7, 'Nuevo', 'Img/imagenesLibros/ArtLibro18.jpg', 'Ciudad de México, CDMX, México', 8500, 150, '2026-06-11', '2026-06-18', 2, 'Inglesa', 'pendiente', 0, 'V168'),
(169, 'Libro de Artista Leporello Firmado Edición 2023', 'Libro de artista tipo leporello formato desplegable, técnica mixta. Edición 3/10 firmada y numerada. Con estuche.', 7, 'Nuevo', 'Img/imagenesLibros/ArtLibro19.jpg', 'Oaxaca, Oaxaca, México', 5500, 100, '2026-06-10', '2026-06-17', 1, 'Inglesa', 'pendiente', 0, 'V169'),
(170, 'Manual Cocina Mexicana Diana Kennedy Completo', 'Set de 5 libros de cocina regional mexicana de Diana Kennedy. Ediciones originales con fotos. Usados pero perfectos.', 7, 'Usado', 'Img/imagenesLibros/ArtLibro20.jpg', 'Ciudad de México, CDMX, México', 4800, 100, '2026-06-10', '2026-06-17', 1, 'Inglesa', 'pendiente', 0, 'V170'),
(171, 'Colección Comic Watchmen Edición Absoluta DC', 'Watchmen Absolute Edition de Alan Moore, tapa dura con sobrecubierta, páginas a color. Nuevo sellado.', 7, 'Nuevo', 'Img/imagenesLibros/ArtLibro21.jpg', 'Ciudad de México, CDMX, México', 3200, 100, '2026-06-10', '2026-06-17', 2, 'Inglesa', 'pendiente', 0, 'V171'),
(172, 'Libro Antiguo Filosofía Novohispana Siglo XVII', 'Impreso novohispano de filosofía escolástica, México 1688. Páginas en buen estado. Certificado de autenticidad.', 7, 'Usado', 'Img/imagenesLibros/ArtLibro22.jpg', 'Ciudad de México, CDMX, México', 85000, 1000, '2026-06-15', '2026-06-29', 1, 'Sellada', 'pendiente', 0, 'V172'),
(173, 'Colección National Geographic 1990-2010 Completa', '240 números encuadernados de National Geographic español, 1990-2010. Con mapas originales. Sin manchas.', 7, 'Usado', 'Img/imagenesLibros/ArtLibro23.jpg', 'Ciudad de México, CDMX, México', 12000, 200, '2026-06-12', '2026-06-19', 1, 'Inglesa', 'pendiente', 0, 'V173'),
(174, 'Tratado de Anatomía Netter 7ª Edición', 'Atlas de Anatomía Humana de Frank Netter, 7ª edición, 640 láminas a color. Nuevo en plástico original.', 7, 'Nuevo', 'Img/imagenesLibros/ArtLibro24.jpg', 'Ciudad de México, CDMX, México', 1800, 50, '2026-06-10', '2026-06-17', 5, 'Inglesa', 'pendiente', 0, 'V174'),
(175, 'Colección Clásicos Universales Porrúa Todos los Tomos', 'Cien tomos de la colección Sepan Cuantos de Editorial Porrúa. Todos en perfecto estado, sin subrayados.', 7, 'Usado', 'Img/imagenesLibros/ArtLibro25.jpg', 'Ciudad de México, CDMX, México', 12000, 200, '2026-06-11', '2026-06-18', 1, 'Inglesa', 'pendiente', 0, 'V175'),
(176, 'LEGO Technic Bugatti Chiron 42083', 'Set LEGO Technic 3,599 piezas, escala 1:8, con transmisión funcional y W16 motor animado. Caja sellada, sin abrir.', 8, 'Nuevo', 'Img/imagenesJuguetes/ArtJuguete1.jpg', 'Ciudad de México, CDMX, México', 9500, 200, '2026-06-10', '2026-06-17', 2, 'Inglesa', 'aprobado', 0, 'V176'),
(177, 'Hot Wheels Treasure Hunt Colección 2020-2024', 'Lote 50 Hot Wheels Treasure Hunt y Super Treasure Hunt 2020-2024. Todos en blister original, sin abrir.', 8, 'Nuevo', 'Img/imagenesJuguetes/ArtJuguete2.jpg', 'Ciudad de México, CDMX, México', 8500, 200, '2026-06-10', '2026-06-17', 1, 'Inglesa', 'aprobado', 0, 'V177'),
(178, 'Figura Coleccionable MAFEX Batman Hush 1:12', 'Figura de acción articulada 1:12 Batman ''Hush'', 16cm con accesorios. Caja de colección, sin abrir.', 8, 'Nuevo', 'Img/imagenesJuguetes/ArtJuguete3.jpg', 'Ciudad de México, CDMX, México', 3500, 100, '2026-06-10', '2026-06-17', 2, 'Inglesa', 'aprobado', 0, 'V178'),
(179, 'Muñeca Barbie Silkstone Collection 1959 Repro', 'Reproducción de alta fidelidad de la Barbie original 1959 en Silkstone, traje de baño rayas. Certificado Mattel. Caja especial.', 8, 'Nuevo', 'Img/imagenesJuguetes/ArtJuguete4.jpg', 'Ciudad de México, CDMX, México', 4500, 100, '2026-06-10', '2026-06-17', 3, 'Inglesa', 'pendiente', 0, 'V179'),
(180, 'LEGO Star Wars Millennium Falcon 75192', 'Set Ultimate Collector LEGO Star Wars, 7,541 piezas. Caja sellada. Set retirado del mercado, muy buscado por coleccionistas.', 8, 'Nuevo', 'Img/imagenesJuguetes/ArtJuguete5.jpg', 'Ciudad de México, CDMX, México', 18000, 500, '2026-06-11', '2026-06-18', 1, 'Sellada', 'pendiente', 0, 'V180'),
(181, 'Funko Pop Colección Marvel Completa 2023', 'Lote de 50 Funko Pop Marvel edición 2023 incluyendo exclusivos y ediciones especiales. Todos en caja original.', 8, 'Nuevo', 'Img/imagenesJuguetes/ArtJuguete6.jpg', 'Ciudad de México, CDMX, México', 7500, 150, '2026-06-10', '2026-06-17', 1, 'Inglesa', 'pendiente', 0, 'V181'),
(182, 'Tren Eléctrico Märklin HO Digital Completo', 'Set de tren eléctrico HO con locomotora vapor, 8 vagones, vías con desvíos y central digital. En caja original.', 8, 'Usado', 'Img/imagenesJuguetes/ArtJuguete7.jpg', 'Guadalajara, Jalisco, México', 22000, 400, '2026-06-11', '2026-06-18', 1, 'Inglesa', 'pendiente', 0, 'V182'),
(183, 'Action Figure Nendoroid Hatsune Miku Deluxe', 'Figura articulada 10cm Hatsune Miku estilo Nendoroid versión deluxe con accesorios y 5 expresiones faciales. Caja sellada.', 8, 'Nuevo', 'Img/imagenesJuguetes/ArtJuguete8.jpg', 'Ciudad de México, CDMX, México', 2800, 100, '2026-06-10', '2026-06-17', 3, 'Inglesa', 'pendiente', 0, 'V183'),
(184, 'Colección Autos Majorette Metal Die-Cast 50 Pzas', 'Lote de 50 autos Majorette escala 1:64, todos modelos europeos premium. Sin abrir, en cajas individuales.', 8, 'Nuevo', 'Img/imagenesJuguetes/ArtJuguete9.jpg', 'Ciudad de México, CDMX, México', 4500, 100, '2026-06-10', '2026-06-17', 2, 'Inglesa', 'pendiente', 0, 'V184'),
(185, 'Playmobil Castillo Medieval Set Completo', 'Playmobil castillo medieval 6000 ref, completo con todas las figuras y accesorios. Armado una vez, en caja original.', 8, 'Usado', 'Img/imagenesJuguetes/ArtJuguete10.jpg', 'Ciudad de México, CDMX, México', 3200, 100, '2026-06-10', '2026-06-17', 1, 'Inglesa', 'pendiente', 0, 'V185'),
(186, 'GI Joe Hall of Fame Collection 12" Set', 'Set completo de 6 figuras GI Joe Hall of Fame 12" vintage 1990s. Sin abrir, blisters originales. Colección completa.', 8, 'Nuevo', 'Img/imagenesJuguetes/ArtJuguete11.jpg', 'Ciudad de México, CDMX, México', 5500, 100, '2026-06-10', '2026-06-17', 1, 'Inglesa', 'pendiente', 0, 'V186'),
(187, 'Figura Estática One Piece Roronoa Zoro 1/8', 'Figura de resina a escala 1/8 pintada a mano, 28cm. Edición limitada de fabricante japonés. Sin detalles, pedestal incluido.', 8, 'Nuevo', 'Img/imagenesJuguetes/ArtJuguete12.jpg', 'Ciudad de México, CDMX, México', 3800, 100, '2026-06-10', '2026-06-17', 2, 'Inglesa', 'pendiente', 0, 'V187'),
(188, 'Monopoly Edición Especial México 70 Aniversario', 'Monopoly edición especial México con piezas de plata, tablero de lujo y cartas ilustradas con iconos nacionales. Sellado.', 8, 'Nuevo', 'Img/imagenesJuguetes/ArtJuguete13.jpg', 'Ciudad de México, CDMX, México', 2500, 100, '2026-06-10', '2026-06-17', 3, 'Inglesa', 'pendiente', 0, 'V188'),
(189, 'LEGO Architecture Skyline Ciudad de México', 'Set LEGO Architecture 21048 de la Ciudad de México, 262 piezas. Caja sellada. Edición descontinuada.', 8, 'Nuevo', 'Img/imagenesJuguetes/ArtJuguete14.jpg', 'Ciudad de México, CDMX, México', 4800, 100, '2026-06-10', '2026-06-17', 1, 'Inglesa', 'pendiente', 0, 'V189'),
(190, 'Robot Programable LEGO Mindstorms EV3 31313', 'Kit robótica educativa con sensor de color, ultrasónico y giroscopio. Programable. Caja abierta pero completo, sin detalles.', 8, 'Usado', 'Img/imagenesJuguetes/ArtJuguete15.jpg', 'Ciudad de México, CDMX, México', 9500, 200, '2026-06-11', '2026-06-18', 1, 'Inglesa', 'pendiente', 0, 'V190'),
(191, 'Figura Premium Bandai S.H.Figuarts Goku Ultra Instinct', 'Figura articulada 15cm Goku Ultra Instinct con efecto ki plateado. Caja coleccionista, sin abrir.', 8, 'Nuevo', 'Img/imagenesJuguetes/ArtJuguete16.jpg', 'Ciudad de México, CDMX, México', 2800, 100, '2026-06-10', '2026-06-17', 3, 'Inglesa', 'pendiente', 0, 'V191'),
(192, 'Auto RC Traxxas E-Revo 2.0 Brushless 1/10', 'Carro de control remoto 4x4 brushless escala 1/10 con sistema TQi y Traxxas Stability Management. Usado 5 veces.', 8, 'Usado', 'Img/imagenesJuguetes/ArtJuguete17.jpg', 'Guadalajara, Jalisco, México', 12000, 200, '2026-06-10', '2026-06-17', 1, 'Inglesa', 'pendiente', 0, 'V192'),
(193, 'Juego Mesa Ajedrez Madera Nogal Artesanal', 'Tablero de ajedrez tallado en madera de nogal y arce, con piezas Staunton 4" en madera de boj. Hecho a mano en México.', 8, 'Nuevo', 'Img/imagenesJuguetes/ArtJuguete18.jpg', 'Oaxaca, Oaxaca, México', 5500, 100, '2026-06-10', '2026-06-17', 2, 'Inglesa', 'pendiente', 0, 'V193'),
(194, 'Colección Muñecos Osos Steiff Vintage 1960s', 'Lote de 5 osos Steiff originales de los 1960s con botón de oreja y placa dorada. En muy buen estado para su edad.', 8, 'Usado', 'Img/imagenesJuguetes/ArtJuguete19.jpg', 'Ciudad de México, CDMX, México', 18000, 300, '2026-06-12', '2026-06-26', 1, 'Sellada', 'pendiente', 0, 'V194'),
(195, 'Tren Madera Brio World Deluxe Set 54 Pzas', 'Set de tren de madera Brio con 54 piezas, estación, túnel, puente y paso a nivel. Nuevo en caja.', 8, 'Nuevo', 'Img/imagenesJuguetes/ArtJuguete20.jpg', 'Ciudad de México, CDMX, México', 3500, 100, '2026-06-10', '2026-06-17', 2, 'Inglesa', 'pendiente', 0, 'V195'),
(196, 'Jenga Giant Premium Madera Exterior', 'Jenga gigante para exterior, piezas de 23x7.5x3.8cm en madera tratada. 54 bloques, bolsa de transporte. Nuevo.', 8, 'Nuevo', 'Img/imagenesJuguetes/ArtJuguete21.jpg', 'Ciudad de México, CDMX, México', 2800, 100, '2026-06-10', '2026-06-17', 3, 'Inglesa', 'pendiente', 0, 'V196'),
(197, 'Colección Pokémon Cards Vintage 1st Edition Base Set', 'Lote de 20 cartas Pokémon 1st Edition Base Set incluyendo Charizard Holo. Todas en sleeve protector. Certificadas PSA.', 8, 'Usado', 'Img/imagenesJuguetes/ArtJuguete22.jpg', 'Ciudad de México, CDMX, México', 85000, 1000, '2026-06-13', '2026-06-27', 1, 'Sellada', 'pendiente', 0, 'V197'),
(198, 'Drone STEM Fischertechnik Robotics BT Smart', 'Kit educativo de robótica con 500 piezas, motor, sensores Bluetooth y app de programación. Nuevo en caja.', 8, 'Nuevo', 'Img/imagenesJuguetes/ArtJuguete23.jpg', 'Ciudad de México, CDMX, México', 5800, 100, '2026-06-10', '2026-06-17', 2, 'Inglesa', 'pendiente', 0, 'V198'),
(199, 'Set Lucha Libre AAA Figuras Articuladas 12 Pzas', 'Set de 12 figuras de luchadores AAA articulados 15cm con accesorios y ring incluido. Nuevo en caja. Edición limitada.', 8, 'Nuevo', 'Img/imagenesJuguetes/ArtJuguete24.jpg', 'Ciudad de México, CDMX, México', 1800, 50, '2026-06-10', '2026-06-17', 4, 'Inglesa', 'pendiente', 0, 'V199'),
(200, 'Muñeca Porcelana Antique Handpainted 1920s', 'Muñeca de porcelana pintada a mano, cuerpo de tela, cabello real trenzado. Aprox 1920-1930. 45cm. En buen estado para su edad.', 8, 'Usado', 'Img/imagenesJuguetes/ArtJuguete25.jpg', 'Ciudad de México, CDMX, México', 12000, 200, '2026-06-12', '2026-06-26', 1, 'Sellada', 'pendiente', 0, 'V200');

-- Imágenes de productos
INSERT INTO imagenes_producto (producto_id, url, orden) VALUES
(1, 'Img/imagenesIMMUEBLES/Imbueble1.jpeg', 0),
(1, 'Img/imagenesIMMUEBLES/Imbueble2.jpeg', 1),
(1, 'Img/imagenesIMMUEBLES/Imbueble3.jpeg', 2),
(2, 'Img/imagenesIMMUEBLES/Imbueble2.jpeg', 0),
(2, 'Img/imagenesIMMUEBLES/Imbueble1.jpeg', 1),
(2, 'Img/imagenesIMMUEBLES/Imbueble3.jpeg', 2),
(3, 'Img/imagenesIMMUEBLES/Imbueble3.jpeg', 0),
(4, 'Img/imagenesIMMUEBLES/Imbueble4.jpeg', 0),
(5, 'Img/imagenesIMMUEBLES/Imbueble5.jpeg', 0),
(6, 'Img/imagenesIMMUEBLES/Imbueble6.jpeg', 0),
(7, 'Img/imagenesIMMUEBLES/Imbueble7.jpeg', 0),
(8, 'Img/imagenesIMMUEBLES/Imbueble8.jpeg', 0),
(9, 'Img/imagenesIMMUEBLES/Imbueble9.jpeg', 0),
(10, 'Img/imagenesIMMUEBLES/Imbueble10.jpeg', 0),
(11, 'Img/imagenesIMMUEBLES/Imbueble11.jpeg', 0),
(12, 'Img/imagenesIMMUEBLES/Imbueble12.jpeg', 0),
(13, 'Img/imagenesIMMUEBLES/Imbueble13.jpeg', 0),
(14, 'Img/imagenesIMMUEBLES/Imbueble14.jpeg', 0),
(15, 'Img/imagenesIMMUEBLES/Imbueble15.jpeg', 0),
(16, 'Img/imagenesIMMUEBLES/Imbueble16.jpeg', 0),
(17, 'Img/imagenesIMMUEBLES/Imbueble17.jpeg', 0),
(18, 'Img/imagenesIMMUEBLES/Imbueble18.jpeg', 0),
(19, 'Img/imagenesIMMUEBLES/Imbueble19.jpeg', 0),
(20, 'Img/imagenesIMMUEBLES/Imbueble20.jpeg', 0),
(21, 'Img/imagenesIMMUEBLES/Imbueble21.jpeg', 0),
(22, 'Img/imagenesIMMUEBLES/Imbueble22.jpeg', 0),
(23, 'Img/imagenesIMMUEBLES/Imbueble23.jpeg', 0),
(24, 'Img/imagenesIMMUEBLES/Imbueble24.jpeg', 0),
(25, 'Img/imagenesIMMUEBLES/Imbueble25.jpeg', 0),
(26, 'Img/imagenesVEHICULOS/Vehiculo1.jpg', 0),
(27, 'Img/imagenesVEHICULOS/Vehiculo2.jpg', 0),
(28, 'Img/imagenesVEHICULOS/Vehiculo3.jpg', 0),
(29, 'Img/imagenesVEHICULOS/Vehiculo4.jpg', 0),
(30, 'Img/imagenesVEHICULOS/Vehiculo5.jpg', 0),
(31, 'Img/imagenesVEHICULOS/Vehiculo6.jpg', 0),
(32, 'Img/imagenesVEHICULOS/Vehiculo7.jpg', 0),
(33, 'Img/imagenesVEHICULOS/Vehiculo8.jpg', 0),
(34, 'Img/imagenesVEHICULOS/Vehiculo9.jpg', 0),
(35, 'Img/imagenesVEHICULOS/Vehiculo10.jpg', 0),
(36, 'Img/imagenesVEHICULOS/Vehiculo11.jpg', 0),
(37, 'Img/imagenesVEHICULOS/Vehiculo12.jpg', 0),
(38, 'Img/imagenesVEHICULOS/Vehiculo13.jpg', 0),
(39, 'Img/imagenesVEHICULOS/Vehiculo14.jpg', 0),
(40, 'Img/imagenesVEHICULOS/Vehiculo15.jpg', 0),
(41, 'Img/imagenesVEHICULOS/Vehiculo16.jpg', 0),
(42, 'Img/imagenesVEHICULOS/Vehiculo17.jpg', 0),
(43, 'Img/imagenesVEHICULOS/Vehiculo18.jpg', 0),
(44, 'Img/imagenesVEHICULOS/Vehiculo19.jpg', 0),
(45, 'Img/imagenesVEHICULOS/Vehiculo20.jpg', 0),
(46, 'Img/imagenesVEHICULOS/Vehiculo21.jpg', 0),
(47, 'Img/imagenesVEHICULOS/Vehiculo22.jpg', 0),
(48, 'Img/imagenesVEHICULOS/Vehiculo23.jpg', 0),
(49, 'Img/imagenesVEHICULOS/Vehiculo24.jpg', 0),
(50, 'Img/imagenesVEHICULOS/Vehiculo25.jpg', 0),
(51, 'Img/imagenesELECTRONICOS/Electronicos1.jpg', 0),
(52, 'Img/imagenesELECTRONICOS/Electronicos2.jpg', 0),
(53, 'Img/imagenesELECTRONICOS/Electronicos3.jpg', 0),
(54, 'Img/imagenesELECTRONICOS/Electronicos4.jpg', 0),
(55, 'Img/imagenesELECTRONICOS/Electronicos5.jpg', 0),
(56, 'Img/imagenesELECTRONICOS/Electronicos6.jpg', 0),
(57, 'Img/imagenesELECTRONICOS/Electronicos7.jpg', 0),
(58, 'Img/imagenesELECTRONICOS/Electronicos8.jpg', 0),
(59, 'Img/imagenesELECTRONICOS/Electronicos9.jpg', 0),
(60, 'Img/imagenesELECTRONICOS/Electronicos10.jpg', 0),
(61, 'Img/imagenesELECTRONICOS/Electronicos11.jpg', 0),
(62, 'Img/imagenesELECTRONICOS/Electronicos12.jpg', 0),
(63, 'Img/imagenesELECTRONICOS/Electronicos13.jpg', 0),
(64, 'Img/imagenesELECTRONICOS/Electronicos14.jpg', 0),
(65, 'Img/imagenesELECTRONICOS/Electronicos15.jpg', 0),
(66, 'Img/imagenesELECTRONICOS/Electronicos16.jpg', 0),
(67, 'Img/imagenesELECTRONICOS/Electronicos17.jpg', 0),
(68, 'Img/imagenesELECTRONICOS/Electronicos18.jpg', 0),
(69, 'Img/imagenesELECTRONICOS/Electronicos19.jpg', 0),
(70, 'Img/imagenesELECTRONICOS/Electronicos20.jpg', 0),
(71, 'Img/imagenesELECTRONICOS/Electronicos21.jpg', 0),
(72, 'Img/imagenesELECTRONICOS/Electronicos22.jpg', 0),
(73, 'Img/imagenesELECTRONICOS/Electronicos23.jpg', 0),
(74, 'Img/imagenesELECTRONICOS/Electronicos24.jpg', 0),
(75, 'Img/imagenesELECTRONICOS/Electronicos25.jpg', 0),
(76, 'Img/imagenesArteColec/Arte1.jpg', 0),
(77, 'Img/imagenesArteColec/Arte2.jpg', 0),
(78, 'Img/imagenesArteColec/Arte3.jpg', 0),
(79, 'Img/imagenesArteColec/Arte4.jpg', 0),
(80, 'Img/imagenesArteColec/Arte5.jpg', 0),
(81, 'Img/imagenesArteColec/Arte6.jpg', 0),
(82, 'Img/imagenesArteColec/Arte7.jpg', 0),
(83, 'Img/imagenesArteColec/Arte8.jpg', 0),
(84, 'Img/imagenesArteColec/Arte9.jpg', 0),
(85, 'Img/imagenesArteColec/Arte10.jpg', 0),
(86, 'Img/imagenesArteColec/Arte11.jpg', 0),
(87, 'Img/imagenesArteColec/Arte12.jpg', 0),
(88, 'Img/imagenesArteColec/Arte13.jpg', 0),
(89, 'Img/imagenesArteColec/Arte14.jpg', 0),
(90, 'Img/imagenesArteColec/Arte15.jpg', 0),
(91, 'Img/imagenesArteColec/Arte16.jpg', 0),
(92, 'Img/imagenesArteColec/Arte17.jpg', 0),
(93, 'Img/imagenesArteColec/Arte18.jpg', 0),
(94, 'Img/imagenesArteColec/Arte19.jpg', 0),
(95, 'Img/imagenesArteColec/Arte20.jpg', 0),
(96, 'Img/imagenesArteColec/Arte21.jpg', 0),
(97, 'Img/imagenesArteColec/Arte22.jpg', 0),
(98, 'Img/imagenesArteColec/Arte23.jpg', 0),
(99, 'Img/imagenesArteColec/Arte24.jpg', 0),
(100, 'Img/imagenesArteColec/Arte25.jpg', 0),
(101, 'Img/imagenesRopaAccesorios/RopaArt1.jpg', 0),
(102, 'Img/imagenesRopaAccesorios/RopaArt2.jpg', 0),
(103, 'Img/imagenesRopaAccesorios/RopaArt3.jpg', 0),
(104, 'Img/imagenesRopaAccesorios/RopaArt4.jpg', 0),
(105, 'Img/imagenesRopaAccesorios/RopaArt5.jpg', 0),
(106, 'Img/imagenesRopaAccesorios/RopaArt6.jpg', 0),
(107, 'Img/imagenesRopaAccesorios/RopaArt7.jpg', 0),
(108, 'Img/imagenesRopaAccesorios/RopaArt8.jpg', 0),
(109, 'Img/imagenesRopaAccesorios/RopaArt9.jpg', 0),
(110, 'Img/imagenesRopaAccesorios/RopaArt10.jpg', 0),
(111, 'Img/imagenesRopaAccesorios/RopaArt11.jpg', 0),
(112, 'Img/imagenesRopaAccesorios/RopaArt12.jpg', 0),
(113, 'Img/imagenesRopaAccesorios/RopaArt13.jpg', 0),
(114, 'Img/imagenesRopaAccesorios/RopaArt14.jpg', 0),
(115, 'Img/imagenesRopaAccesorios/RopaArt15.jpg', 0),
(116, 'Img/imagenesRopaAccesorios/RopaArt16.jpg', 0),
(117, 'Img/imagenesRopaAccesorios/RopaArt17.jpg', 0),
(118, 'Img/imagenesRopaAccesorios/RopaArt18.jpg', 0),
(119, 'Img/imagenesRopaAccesorios/RopaArt19.jpg', 0),
(120, 'Img/imagenesRopaAccesorios/RopaArt20.jpg', 0),
(121, 'Img/imagenesRopaAccesorios/RopaArt21.jpg', 0),
(122, 'Img/imagenesRopaAccesorios/RopaArt22.jpg', 0),
(123, 'Img/imagenesRopaAccesorios/RopaArt23.jpg', 0),
(124, 'Img/imagenesRopaAccesorios/RopaArt24.jpg', 0),
(125, 'Img/imagenesRopaAccesorios/RopaArt25.jpg', 0),
(126, 'Img/imagenesArtDeportivos/ArtDeportivos1.jpg', 0),
(127, 'Img/imagenesArtDeportivos/ArtDeportivos2.jpg', 0),
(128, 'Img/imagenesArtDeportivos/ArtDeportivos3.jpg', 0),
(129, 'Img/imagenesArtDeportivos/ArtDeportivos4.jpg', 0),
(130, 'Img/imagenesArtDeportivos/ArtDeportivos5.jpg', 0),
(131, 'Img/imagenesArtDeportivos/ArtDeportivos6.jpg', 0),
(132, 'Img/imagenesArtDeportivos/ArtDeportivos7.jpg', 0),
(133, 'Img/imagenesArtDeportivos/ArtDeportivos8.jpg', 0),
(134, 'Img/imagenesArtDeportivos/ArtDeportivos9.jpg', 0),
(135, 'Img/imagenesArtDeportivos/ArtDeportivos10.jpg', 0),
(136, 'Img/imagenesArtDeportivos/ArtDeportivos11.jpg', 0),
(137, 'Img/imagenesArtDeportivos/ArtDeportivos12.jpg', 0),
(138, 'Img/imagenesArtDeportivos/ArtDeportivos13.jpg', 0),
(139, 'Img/imagenesArtDeportivos/ArtDeportivos14.jpg', 0),
(140, 'Img/imagenesArtDeportivos/ArtDeportivos15.jpg', 0),
(141, 'Img/imagenesArtDeportivos/ArtDeportivos16.jpg', 0),
(142, 'Img/imagenesArtDeportivos/ArtDeportivos17.jpg', 0),
(143, 'Img/imagenesArtDeportivos/ArtDeportivos18.jpg', 0),
(144, 'Img/imagenesArtDeportivos/ArtDeportivos19.jpg', 0),
(145, 'Img/imagenesArtDeportivos/ArtDeportivos20.jpg', 0),
(146, 'Img/imagenesArtDeportivos/ArtDeportivos21.jpg', 0),
(147, 'Img/imagenesArtDeportivos/ArtDeportivos22.jpg', 0),
(148, 'Img/imagenesArtDeportivos/ArtDeportivos23.jpg', 0),
(149, 'Img/imagenesArtDeportivos/ArtDeportivos24.jpg', 0),
(150, 'Img/imagenesArtDeportivos/ArtDeportivos25.jpg', 0),
(151, 'Img/imagenesLibros/ArtLibro1.jpg', 0),
(152, 'Img/imagenesLibros/ArtLibro2.jpg', 0),
(153, 'Img/imagenesLibros/ArtLibro3.jpg', 0),
(154, 'Img/imagenesLibros/ArtLibro4.jpg', 0),
(155, 'Img/imagenesLibros/ArtLibro5.jpg', 0),
(156, 'Img/imagenesLibros/ArtLibro6.jpg', 0),
(157, 'Img/imagenesLibros/ArtLibro7.jpg', 0),
(158, 'Img/imagenesLibros/ArtLibro8.jpg', 0),
(159, 'Img/imagenesLibros/ArtLibro9.jpg', 0),
(160, 'Img/imagenesLibros/ArtLibro10.jpg', 0),
(161, 'Img/imagenesLibros/ArtLibro11.jpg', 0),
(162, 'Img/imagenesLibros/ArtLibro12.jpg', 0),
(163, 'Img/imagenesLibros/ArtLibro13.jpg', 0),
(164, 'Img/imagenesLibros/ArtLibro14.jpg', 0),
(165, 'Img/imagenesLibros/ArtLibro15.jpg', 0),
(166, 'Img/imagenesLibros/ArtLibro16.jpg', 0),
(167, 'Img/imagenesLibros/ArtLibro17.jpg', 0),
(168, 'Img/imagenesLibros/ArtLibro18.jpg', 0),
(169, 'Img/imagenesLibros/ArtLibro19.jpg', 0),
(170, 'Img/imagenesLibros/ArtLibro20.jpg', 0),
(171, 'Img/imagenesLibros/ArtLibro21.jpg', 0),
(172, 'Img/imagenesLibros/ArtLibro22.jpg', 0),
(173, 'Img/imagenesLibros/ArtLibro23.jpg', 0),
(174, 'Img/imagenesLibros/ArtLibro24.jpg', 0),
(175, 'Img/imagenesLibros/ArtLibro25.jpg', 0),
(176, 'Img/imagenesJuguetes/ArtJuguete1.jpg', 0),
(177, 'Img/imagenesJuguetes/ArtJuguete2.jpg', 0),
(178, 'Img/imagenesJuguetes/ArtJuguete3.jpg', 0),
(179, 'Img/imagenesJuguetes/ArtJuguete4.jpg', 0),
(180, 'Img/imagenesJuguetes/ArtJuguete5.jpg', 0),
(181, 'Img/imagenesJuguetes/ArtJuguete6.jpg', 0),
(182, 'Img/imagenesJuguetes/ArtJuguete7.jpg', 0),
(183, 'Img/imagenesJuguetes/ArtJuguete8.jpg', 0),
(184, 'Img/imagenesJuguetes/ArtJuguete9.jpg', 0),
(185, 'Img/imagenesJuguetes/ArtJuguete10.jpg', 0),
(186, 'Img/imagenesJuguetes/ArtJuguete11.jpg', 0),
(187, 'Img/imagenesJuguetes/ArtJuguete12.jpg', 0),
(188, 'Img/imagenesJuguetes/ArtJuguete13.jpg', 0),
(189, 'Img/imagenesJuguetes/ArtJuguete14.jpg', 0),
(190, 'Img/imagenesJuguetes/ArtJuguete15.jpg', 0),
(191, 'Img/imagenesJuguetes/ArtJuguete16.jpg', 0),
(192, 'Img/imagenesJuguetes/ArtJuguete17.jpg', 0),
(193, 'Img/imagenesJuguetes/ArtJuguete18.jpg', 0),
(194, 'Img/imagenesJuguetes/ArtJuguete19.jpg', 0),
(195, 'Img/imagenesJuguetes/ArtJuguete20.jpg', 0),
(196, 'Img/imagenesJuguetes/ArtJuguete21.jpg', 0),
(197, 'Img/imagenesJuguetes/ArtJuguete22.jpg', 0),
(198, 'Img/imagenesJuguetes/ArtJuguete23.jpg', 0),
(199, 'Img/imagenesJuguetes/ArtJuguete24.jpg', 0),
(200, 'Img/imagenesJuguetes/ArtJuguete25.jpg', 0);

-- Atributos (infoExtra)
INSERT INTO producto_atributos (producto_id, nombre, valor) VALUES
(1, 'tipoPropiedad', 'Casa habitación'),
(1, 'superficieTerreno', '250 m²'),
(1, 'superficieConstruida', '180 m²'),
(1, 'habitaciones', '3'),
(1, 'ubicacionDetallada', 'Calle Bugambilias 45, Lomas del Valle'),
(1, 'documentacionLegal', 'Escritura pública, predial al corriente'),
(2, 'tipoPropiedad', 'Casa habitación'),
(2, 'superficieTerreno', '320 m²'),
(2, 'superficieConstruida', '210 m²'),
(2, 'habitaciones', '4'),
(2, 'ubicacionDetallada', 'Calle 60 Norte 212, Mérida Centro'),
(2, 'documentacionLegal', 'Escritura, planos arquitectónicos, predial'),
(3, 'tipoPropiedad', 'Residencia'),
(3, 'superficieTerreno', '450 m²'),
(3, 'superficieConstruida', '310 m²'),
(3, 'habitaciones', '4'),
(3, 'ubicacionDetallada', 'Blvd. Puerta de Hierro 890, Zapopan'),
(3, 'documentacionLegal', 'Escritura, certificado de libertad de gravamen'),
(4, 'tipoPropiedad', 'Casa habitación'),
(4, 'superficieTerreno', '200 m²'),
(4, 'superficieConstruida', '140 m²'),
(4, 'habitaciones', '3'),
(4, 'ubicacionDetallada', 'Calle Bosques 112, Colonia Del Norte, Monterrey'),
(4, 'documentacionLegal', 'Escritura, predial 2025'),
(5, 'tipoPropiedad', 'Casa habitación'),
(5, 'superficieTerreno', '230 m²'),
(5, 'superficieConstruida', '160 m²'),
(5, 'habitaciones', '3'),
(5, 'ubicacionDetallada', 'Av. Juárez 340, Jardines de Santa Fe, Querétaro'),
(5, 'documentacionLegal', 'Escritura, planos, predial al corriente'),
(6, 'tipoPropiedad', 'Departamento'),
(6, 'superficieTerreno', 'N/A'),
(6, 'superficieConstruida', '95 m²'),
(6, 'habitaciones', '2'),
(6, 'ubicacionDetallada', 'Av. Insurgentes Sur 1500, Piso 8, CDMX'),
(6, 'documentacionLegal', 'Escritura, reglamento de condominio, predial'),
(7, 'tipoPropiedad', 'Terreno industrial'),
(7, 'superficieTerreno', '2,500 m²'),
(7, 'superficieConstruida', '0 m²'),
(7, 'habitaciones', '0'),
(7, 'ubicacionDetallada', 'Km 12 Carretera 57, Parque Industrial Norte, SLP'),
(7, 'documentacionLegal', 'Escritura, uso de suelo industrial, planos topográficos'),
(8, 'tipoPropiedad', 'Local comercial'),
(8, 'superficieTerreno', 'N/A'),
(8, 'superficieConstruida', '80 m²'),
(8, 'habitaciones', '0'),
(8, 'ubicacionDetallada', 'Plaza Central Local 12, Blvd. López Mateos, León'),
(8, 'documentacionLegal', 'Escritura, uso de suelo comercial, predial'),
(9, 'tipoPropiedad', 'Casa en privada'),
(9, 'superficieTerreno', '280 m²'),
(9, 'superficieConstruida', '200 m²'),
(9, 'habitaciones', '3'),
(9, 'ubicacionDetallada', 'Privada Las Palmas 7, Culiacán'),
(9, 'documentacionLegal', 'Escritura, reglamento de privada, predial'),
(10, 'tipoPropiedad', 'Penthouse'),
(10, 'superficieTerreno', 'N/A'),
(10, 'superficieConstruida', '320 m²'),
(10, 'habitaciones', '3'),
(10, 'ubicacionDetallada', 'Costera Miguel Alemán 900, Torre Diamante, Acapulco'),
(10, 'documentacionLegal', 'Escritura, predial, régimen de condominio'),
(11, 'tipoPropiedad', 'Casa campestre'),
(11, 'superficieTerreno', '30,000 m²'),
(11, 'superficieConstruida', '450 m²'),
(11, 'habitaciones', '5'),
(11, 'ubicacionDetallada', 'Camino Real a Tequisquiapan Km 3'),
(11, 'documentacionLegal', 'Escritura, planos, certificado catastral'),
(12, 'tipoPropiedad', 'Oficinas'),
(12, 'superficieTerreno', 'N/A'),
(12, 'superficieConstruida', '420 m²'),
(12, 'habitaciones', '0'),
(12, 'ubicacionDetallada', 'Av. Morones Prieto 3000, Piso 14, Monterrey'),
(12, 'documentacionLegal', 'Escritura, uso de suelo, predial'),
(13, 'tipoPropiedad', 'Departamento'),
(13, 'superficieTerreno', 'N/A'),
(13, 'superficieConstruida', '110 m²'),
(13, 'habitaciones', '2'),
(13, 'ubicacionDetallada', 'Av. Ejército Nacional 843, Polanco, CDMX'),
(13, 'documentacionLegal', 'Escritura en trámite, carta de entrega'),
(14, 'tipoPropiedad', 'Casa colonial'),
(14, 'superficieTerreno', '350 m²'),
(14, 'superficieConstruida', '280 m²'),
(14, 'habitaciones', '4'),
(14, 'ubicacionDetallada', 'Calle Macedonio Alcalá 24, Centro, Oaxaca'),
(14, 'documentacionLegal', 'Escritura, permiso INAH, predial'),
(15, 'tipoPropiedad', 'Villa'),
(15, 'superficieTerreno', '600 m²'),
(15, 'superficieConstruida', '480 m²'),
(15, 'habitaciones', '4'),
(15, 'ubicacionDetallada', 'Calle 38 Norte, La Veleta, Playa del Carmen'),
(15, 'documentacionLegal', 'Escritura, permiso construcción, predial federal zona costera'),
(16, 'tipoPropiedad', 'Casa habitación'),
(16, 'superficieTerreno', '220 m²'),
(16, 'superficieConstruida', '150 m²'),
(16, 'habitaciones', '3'),
(16, 'ubicacionDetallada', 'Calle Cedros 55, Fracc. Los Pinos, Morelia'),
(16, 'documentacionLegal', 'Escritura, predial, planos'),
(17, 'tipoPropiedad', 'Loft'),
(17, 'superficieTerreno', 'N/A'),
(17, 'superficieConstruida', '130 m²'),
(17, 'habitaciones', '1'),
(17, 'ubicacionDetallada', 'Calle Génova 45, Zona Rosa, CDMX'),
(17, 'documentacionLegal', 'Escritura, uso mixto, predial'),
(18, 'tipoPropiedad', 'Casa playa'),
(18, 'superficieTerreno', '400 m²'),
(18, 'superficieConstruida', '260 m²'),
(18, 'habitaciones', '3'),
(18, 'ubicacionDetallada', 'Blvd. Costero 210, Las Brisas, Manzanillo'),
(18, 'documentacionLegal', 'Escritura, zona federal marítima, predial'),
(19, 'tipoPropiedad', 'Edificio de apartamentos'),
(19, 'superficieTerreno', '500 m²'),
(19, 'superficieConstruida', '900 m²'),
(19, 'habitaciones', '12'),
(19, 'ubicacionDetallada', 'Av. Díaz Mirón 230, Centro, Veracruz'),
(19, 'documentacionLegal', 'Escritura, declaratoria de condominio, predial'),
(20, 'tipoPropiedad', 'Casa minimalista'),
(20, 'superficieTerreno', '380 m²'),
(20, 'superficieConstruida', '290 m²'),
(20, 'habitaciones', '3'),
(20, 'ubicacionDetallada', 'Circuito Bosque Real 1200, Huixquilucan'),
(20, 'documentacionLegal', 'Escritura, permiso de construcción, predial'),
(21, 'tipoPropiedad', 'Bodega industrial'),
(21, 'superficieTerreno', '1,200 m²'),
(21, 'superficieConstruida', '800 m²'),
(21, 'habitaciones', '0'),
(21, 'ubicacionDetallada', 'Parque Industrial San Antonio, Toluca'),
(21, 'documentacionLegal', 'Escritura, uso de suelo industrial, predial'),
(22, 'tipoPropiedad', 'Casa frente a lago'),
(22, 'superficieTerreno', '500 m²'),
(22, 'superficieConstruida', '350 m²'),
(22, 'habitaciones', '4'),
(22, 'ubicacionDetallada', 'Ribera del Lago Tequesquitengo, Morelos'),
(22, 'documentacionLegal', 'Escritura, concesión de zona federal, predial'),
(23, 'tipoPropiedad', 'Estudio'),
(23, 'superficieTerreno', 'N/A'),
(23, 'superficieConstruida', '65 m²'),
(23, 'habitaciones', '0'),
(23, 'ubicacionDetallada', 'Calle Tonalá 55, Roma Norte, CDMX'),
(23, 'documentacionLegal', 'Escritura, predial, reglamento condominal'),
(24, 'tipoPropiedad', 'Casa colonial'),
(24, 'superficieTerreno', '700 m²'),
(24, 'superficieConstruida', '380 m²'),
(24, 'habitaciones', '5'),
(24, 'ubicacionDetallada', 'Real de Guadalupe 12, San Cristóbal de las Casas'),
(24, 'documentacionLegal', 'Escritura, permiso INAH, predial municipal'),
(25, 'tipoPropiedad', 'Duplex'),
(25, 'superficieTerreno', 'N/A'),
(25, 'superficieConstruida', '240 m²'),
(25, 'habitaciones', '3'),
(25, 'ubicacionDetallada', 'Prolongación Paseo de la Reforma 1200, Santa Fe, CDMX'),
(25, 'documentacionLegal', 'Escritura, predial, reglamento condominio'),
(26, 'marca', 'Ford'),
(26, 'modelo', 'Mustang EcoBoost Coupe'),
(26, 'kilometraje', '48500'),
(26, 'anio', '2020'),
(26, 'numeroSerie', '1FA6P8TH0L5100001'),
(26, 'condicionMecanica', 'Sin daños mecánicos graves'),
(26, 'documentacionLegal', 'Factura original, tarjeta de circulación, verificación vigente'),
(26, 'placas', 'JAL-8XK-92-B'),
(27, 'marca', 'Chevrolet'),
(27, 'modelo', 'Camaro SS'),
(27, 'kilometraje', '62000'),
(27, 'anio', '2019'),
(27, 'numeroSerie', '1G1FF3D32K0101234'),
(27, 'condicionMecanica', 'Buen funcionamiento, sin fallas mecánicas'),
(27, 'documentacionLegal', 'Factura, tarjeta de circulación, verificación'),
(27, 'placas', 'MEX-4TR-11-C'),
(28, 'marca', 'Dodge'),
(28, 'modelo', 'Challenger R/T'),
(28, 'kilometraje', '39800'),
(28, 'anio', '2021'),
(28, 'numeroSerie', '2C3CDZBT3MH502345'),
(28, 'condicionMecanica', 'Muy buen estado mecánico'),
(28, 'documentacionLegal', 'Factura, tarjeta de circulación, verificación'),
(28, 'placas', 'CDMX-77LK2'),
(29, 'marca', 'Nissan'),
(29, 'modelo', '370Z Touring'),
(29, 'kilometraje', '71200'),
(29, 'anio', '2018'),
(29, 'numeroSerie', 'JN1AZ4EH9JM403456'),
(29, 'condicionMecanica', 'Funcional con detalles estéticos'),
(29, 'documentacionLegal', 'Factura, tarjeta de circulación, verificación NL'),
(29, 'placas', 'NL-90-ZXA'),
(30, 'marca', 'Toyota'),
(30, 'modelo', 'GR Supra'),
(30, 'kilometraje', '21400'),
(30, 'anio', '2022'),
(30, 'numeroSerie', 'WZ1DB2C07NW045678'),
(30, 'condicionMecanica', 'Excelente condición mecánica'),
(30, 'documentacionLegal', 'Factura, tarjeta de circulación, verificación Qro'),
(30, 'placas', 'QRO-55-SP9'),
(31, 'marca', 'BMW'),
(31, 'modelo', '330i Serie 3'),
(31, 'kilometraje', '31000'),
(31, 'anio', '2021'),
(31, 'numeroSerie', 'WBA5R7C07MFH11234'),
(31, 'condicionMecanica', 'Excelente, sin detalles mecánicos'),
(31, 'documentacionLegal', 'Factura, tarjeta circulación, verificación CDMX'),
(31, 'placas', 'CDMX-99BM3'),
(32, 'marca', 'Mercedes-Benz'),
(32, 'modelo', 'GLA 200'),
(32, 'kilometraje', '42000'),
(32, 'anio', '2020'),
(32, 'numeroSerie', 'WDC1563041J112345'),
(32, 'condicionMecanica', 'Sin fallas mecánicas'),
(32, 'documentacionLegal', 'Factura, tarjeta de circulación, verificación Jal'),
(32, 'placas', 'JAL-44-MB2'),
(33, 'marca', 'Audi'),
(33, 'modelo', 'A4 2.0T'),
(33, 'kilometraje', '58000'),
(33, 'anio', '2019'),
(33, 'numeroSerie', 'WAUZZZ8W8KA023456'),
(33, 'condicionMecanica', 'Buen estado mecánico'),
(33, 'documentacionLegal', 'Factura, tarjeta circulación, verificación NL'),
(33, 'placas', 'NL-22-A4T'),
(34, 'marca', 'Jeep'),
(34, 'modelo', 'Wrangler Rubicon 4XE'),
(34, 'kilometraje', '15000'),
(34, 'anio', '2022'),
(34, 'numeroSerie', '1C4HJXFG3NW234567'),
(34, 'condicionMecanica', 'Excelente estado, sin detalles'),
(34, 'documentacionLegal', 'Factura, tarjeta circulación, verificación Chih'),
(34, 'placas', 'CHIH-4XE-12'),
(35, 'marca', 'Porsche'),
(35, 'modelo', '911 Carrera S'),
(35, 'kilometraje', '28000'),
(35, 'anio', '2018'),
(35, 'numeroSerie', 'WP0AB2A96JS123456'),
(35, 'condicionMecanica', 'Revisión completa certificada Porsche'),
(35, 'documentacionLegal', 'Factura, historial de servicios, tarjeta circulación'),
(35, 'placas', 'CDMX-911PS'),
(36, 'marca', 'Tesla'),
(36, 'modelo', 'Model 3 Performance'),
(36, 'kilometraje', '24000'),
(36, 'anio', '2021'),
(36, 'numeroSerie', '5YJ3E1EB8MF234567'),
(36, 'condicionMecanica', 'Batería al 96%, sin fallas'),
(36, 'documentacionLegal', 'Factura de importación, tarjeta circulación, verificación'),
(36, 'placas', 'CDMX-T3P-21'),
(37, 'marca', 'Land Rover'),
(37, 'modelo', 'Defender 110'),
(37, 'kilometraje', '18500'),
(37, 'anio', '2022'),
(37, 'numeroSerie', 'SALEP7EU5NA345678'),
(37, 'condicionMecanica', 'Sin fallas mecánicas, motor impecable'),
(37, 'documentacionLegal', 'Factura, tarjeta circulación, verificación Gto'),
(37, 'placas', 'GTO-LRD-22'),
(38, 'marca', 'Honda'),
(38, 'modelo', 'Civic Type R'),
(38, 'kilometraje', '1200'),
(38, 'anio', '2023'),
(38, 'numeroSerie', '2HGFE2F53PH456789'),
(38, 'condicionMecanica', 'Nuevo, sin detalles'),
(38, 'documentacionLegal', 'Factura de primera mano, tarjeta circulación'),
(38, 'placas', 'PUE-TR-23'),
(39, 'marca', 'Volkswagen'),
(39, 'modelo', 'Golf GTI'),
(39, 'kilometraje', '19000'),
(39, 'anio', '2022'),
(39, 'numeroSerie', 'WVWZZZ1KZ3W456789'),
(39, 'condicionMecanica', 'Sin fallas, revisión reciente'),
(39, 'documentacionLegal', 'Factura, tarjeta circulación, verificación Jal'),
(39, 'placas', 'JAL-GTI-22'),
(40, 'marca', 'Ram'),
(40, 'modelo', '1500 TRX'),
(40, 'kilometraje', '22000'),
(40, 'anio', '2021'),
(40, 'numeroSerie', '1C6SRFU93MN567890'),
(40, 'condicionMecanica', 'Excelente estado mecánico'),
(40, 'documentacionLegal', 'Factura, tarjeta circulación, verificación Chih'),
(40, 'placas', 'CHIH-TRX-21'),
(41, 'marca', 'Mazda'),
(41, 'modelo', 'MX-5 Miata RF'),
(41, 'kilometraje', '35000'),
(41, 'anio', '2020'),
(41, 'numeroSerie', 'JM1NDAM74L0234567'),
(41, 'condicionMecanica', 'Buen estado mecánico, sin fallas'),
(41, 'documentacionLegal', 'Factura, tarjeta circulación, verificación SLP'),
(41, 'placas', 'SLP-MX5-20'),
(42, 'marca', 'Subaru'),
(42, 'modelo', 'WRX STI'),
(42, 'kilometraje', '55000'),
(42, 'anio', '2019'),
(42, 'numeroSerie', 'JF1VA2S60K8345678'),
(42, 'condicionMecanica', 'Motor en buen estado, servicios al corriente'),
(42, 'documentacionLegal', 'Factura importación, tarjeta circulación, verificación CDMX'),
(42, 'placas', 'CDMX-STI-19'),
(43, 'marca', 'Lexus'),
(43, 'modelo', 'LC 500'),
(43, 'kilometraje', '18000'),
(43, 'anio', '2020'),
(43, 'numeroSerie', 'JTHBP5AY8LA456789'),
(43, 'condicionMecanica', 'Impecable, servicio en agencia'),
(43, 'documentacionLegal', 'Factura, historial servicios Lexus, tarjeta circulación'),
(43, 'placas', 'CDMX-LC5-20'),
(44, 'marca', 'Alfa Romeo'),
(44, 'modelo', 'Giulia Quadrifoglio'),
(44, 'kilometraje', '41000'),
(44, 'anio', '2019'),
(44, 'numeroSerie', 'ZARFAEBN8K7456789'),
(44, 'condicionMecanica', 'Requiere servicio de correas de distribución'),
(44, 'documentacionLegal', 'Factura de importación, tarjeta circulación, verificación'),
(44, 'placas', 'CDMX-ARG-19'),
(45, 'marca', 'Ferrari'),
(45, 'modelo', '488 GTB'),
(45, 'kilometraje', '12000'),
(45, 'anio', '2017'),
(45, 'numeroSerie', 'ZFF79ALA7H0215678'),
(45, 'condicionMecanica', 'Revisión 5 años en agencia Ferrari autorizada'),
(45, 'documentacionLegal', 'Factura de importación, certificado Ferrari, tarjeta circulación'),
(45, 'placas', 'CDMX-F488-17'),
(46, 'marca', 'Ford'),
(46, 'modelo', 'F-150 Raptor R'),
(46, 'kilometraje', '8500'),
(46, 'anio', '2023'),
(46, 'numeroSerie', '1FTFW1RG4PFA67890'),
(46, 'condicionMecanica', 'Excelente estado, sin detalles'),
(46, 'documentacionLegal', 'Factura, tarjeta circulación, verificación Son'),
(46, 'placas', 'SON-RPR-23'),
(47, 'marca', 'Bentley'),
(47, 'modelo', 'Bentayga V8'),
(47, 'kilometraje', '14000'),
(47, 'anio', '2020'),
(47, 'numeroSerie', 'SJAAC2ZV2LC057890'),
(47, 'condicionMecanica', 'Revisión en agencia Bentley autorizada'),
(47, 'documentacionLegal', 'Factura importación, certificado Bentley, tarjeta circulación'),
(47, 'placas', 'CDMX-BNT-20'),
(48, 'marca', 'Lamborghini'),
(48, 'modelo', 'Huracán EVO'),
(48, 'kilometraje', '6000'),
(48, 'anio', '2021'),
(48, 'numeroSerie', 'ZHWUC2ZF6MLA78901'),
(48, 'condicionMecanica', 'Impecable, revisión certificada Lamborghini'),
(48, 'documentacionLegal', 'Factura importación, certificado Lamborghini, tarjeta circulación'),
(48, 'placas', 'CDMX-HRC-21'),
(49, 'marca', 'Toyota'),
(49, 'modelo', 'Land Cruiser 300 GR Sport'),
(49, 'kilometraje', '12000'),
(49, 'anio', '2022'),
(49, 'numeroSerie', 'JTMHD3FJ6N4089012'),
(49, 'condicionMecanica', 'Excelente, servicio en agencia Toyota'),
(49, 'documentacionLegal', 'Factura, tarjeta circulación, verificación Jal'),
(49, 'placas', 'JAL-LC3-22'),
(50, 'marca', 'Rolls-Royce'),
(50, 'modelo', 'Ghost'),
(50, 'kilometraje', '9000'),
(50, 'anio', '2019'),
(50, 'numeroSerie', 'SCA664S54KUX89012'),
(50, 'condicionMecanica', 'Impecable, revisión completa RR autorizada'),
(50, 'documentacionLegal', 'Factura importación, certificado RR, tarjeta circulación'),
(50, 'placas', 'CDMX-RRG-19');

-- Usuarios (contraseña guardada con SHA2-256)
INSERT INTO usuarios (correo, contrasena, rol, activo) VALUES
('admin.central@subastanet.com', SHA2('SubastaAdmin2026', 256), 'administrador', 1),
('visitante@subastanet.com', SHA2('visitante123', 256), 'visitante', 1);

-- Configuración (control de tiempo de la demo)
INSERT INTO configuracion (clave, valor) VALUES ('offset_tiempo', '0');
